TextID,DESPC,DESSC,DESWC,DESPL,DESPLd,DESSL,DESSLd,DESWLsy,DESWLsyd,DESWLlt,DESWLltd,PCNARz,PCNARp,PCSYNz,PCSYNp,PCCNCz,PCCNCp,PCREFz,PCREFp,PCDCz,PCDCp,PCVERBz,PCVERBp,PCCONNz,PCCONNp,PCTEMPz,PCTEMPp,CRFNO1,CRFAO1,CRFSO1,CRFNOa,CRFAOa,CRFSOa,CRFCWO1,CRFCWO1d,CRFCWOa,CRFCWOad,CRFANP1,CRFANPa,LSASS1,LSASS1d,LSASSp,LSASSpd,LSAPP1,LSAPP1d,LSAGN,LSAGNd,LDTTRc,LDTTRa,LDMTLD,LDVOCD,CNCAll,CNCCaus,CNCLogic,CNCADC,CNCTemp,CNCTempx,CNCAdd,CNCPos,CNCNeg,SMCAUSv,SMCAUSvp,SMINTEp,SMCAUSr,SMINTEr,SMCAUSlsa,SMCAUSwn,SMTEMP,SYNLE,SYNNP,SYNMEDpos,SYNMEDwrd,SYNMEDlem,SYNSTRUTa,SYNSTRUTt,DRNP,DRVP,DRAP,DRPP,DRPVAL,DRNEG,DRGERUND,DRINF,WRDNOUN,WRDVERB,WRDADJ,WRDADV,WRDPRO,WRDPRP1s,WRDPRP1p,WRDPRP2,WRDPRP3s,WRDPRP3p,WRDFRQc,WRDFRQa,WRDFRQmc,WRDAOAc,WRDFAMc,WRDCNCc,WRDIMGc,WRDMEAc,WRDPOLc,WRDHYPn,WRDHYPv,WRDHYPnv,RDFRE,RDFKGL,RDL2
C:\Summer 2023 - DSI-SRP\featureFR\Text Analysis\data\cohmetrix-input_ListA\A1_1.txt,1,1,10,1,0,10,0,1.5,0.850000023841858,5.09999990463257,3.03500008583069,-4.88000011444092,0,0.462000012397766,67.7200012207031,5.45699977874756,100,-0.0500000007450581,48.0099983215332,-4.32299995422363,0,5.62799978256226,100,-10.878999710083,0,-27.6270008087158,0,0,0,0,0,0,0,0,0,0,0,0,0,0,0,0,0,0,0,0,0,1,1,0,0,100,0,0,100,0,0,100,100,0,100,100,0,0,0,0.0780000016093254,0.333000004291534,-1.99899995326996,4,3,0,0,0,0,0,100,500,100,0,100,0,0,100,100,100,200,100,0,0,0,0,0,0,2.14299988746643,3.03699994087219,0,533,544,446.3330078125,436.75,502.5,4.27299976348877,8,1.04499995708466,1.10699999332428,69.7850036621094,6.01000022888184,2.54200005531311
C:\Summer 2023 - DSI-SRP\featureFR\Text Analysis\data\cohmetrix-input_ListA\A1_10.txt,1,1,7,1,0,7,0,1.71399998664856,0.488000005483627,5.57100009918213,1.39699995517731,-2.83599996566772,0.230000004172325,2.13599991798401,98.3399963378906,3.92600011825562,100,0.44200000166893,67,-3.79399991035461,0,-3.00200009346008,0.129999995231628,1.63999998569489,94.8399963378906,-27.2999992370605,0,0,0,0,0,0,0,0,0,0,0,0,0,0,0,0,0,0,0,0,0,1,1,0,0,0,0,0,0,0,0,0,0,0,142.856994628906,142.856994628906,0,0,0,-0.00300000002607703,0,-1.99899995326996,1,0.5,0,0,0,0,0,285.713989257813,285.713989257813,142.856994628906,142.856994628906,0,0,142.856994628906,0,285.713989257813,285.713989257813,0,142.856994628906,0,0,0,0,0,0,1.17499995231628,1.99000000953674,0,533,464.3330078125,512.6669921875,508.3330078125,419.5,2.22199988365173,7.5,2,2.11100006103516,54.726001739502,7.36499977111816,-18.9400005340576
C:\Summer 2023 - DSI-SRP\featureFR\Text Analysis\data\cohmetrix-input_ListA\A1_11.txt,1,1,10,1,0,10,0,1.39999997615814,0.699000000953674,4.90000009536743,2.18300008773804,-3.29099988937378,0.0500000007450581,1.03799998760223,84.8499984741211,7.00299978256226,100,0.165000006556511,56.3600006103516,4.35500001907349,100,5.75899982452393,100,-4.80800008773804,0,-27.6879997253418,0,0,0,0,0,0,0,0,0,0,0,0,0,0,0,0,0,0,0,0,0,1,0.899999976158142,28,0,300,100,0,0,100,0,100,300,0,100,200,0,0.5,1,0.0149999996647239,1,-1.99899995326996,5,2,0,0,0,0,0,200,200,0,100,0,0,0,0,300,200,0,0,0,0,0,0,0,0,1.3639999628067,2.73900008201599,0.300000011920929,300,617.5,321,379.5,474,5.5,10.8330001831055,1.58800005912781,2.97300004959106,78.245002746582,4.82999992370605,-14.7430000305176
C:\Summer 2023 - DSI-SRP\featureFR\Text Analysis\data\cohmetrix-input_ListA\A1_12.txt,1,1,10,1,0,10,0,1.89999997615814,1.19700002670288,5.40000009536743,2.50300002098084,-2.50099992752075,0.620000004768372,-1.12000000476837,13.1400003433228,8.72200012207031,100,0.537999987602234,70.1900024414063,-4.28800010681152,0,1.97899997234344,97.5599975585938,0.31700000166893,62.1699981689453,-27.6350002288818,0,0,0,0,0,0,0,0,0,0,0,0,0,0,0,0,0,0,0,0,0,1,0.899999976158142,28,0,0,0,0,0,0,0,0,0,0,0,0,0,0,0,0,0,-1.99899995326996,0,1,0,0,0,0,0,300,200,100,100,0,0,0,100,300,100,100,100,0,0,0,0,0,0,1.27300000190735,2.6489999294281,0,0,591,614,638,482,2.36400008201599,7.76200008392334,3.16700005531311,2.40499997138977,35.9449996948242,10.7299995422363,-16.7749996185303
C:\Summer 2023 - DSI-SRP\featureFR\Text Analysis\data\cohmetrix-input_ListA\A1_13.txt,1,1,10,1,0,10,0,1.20000004768372,0.421999990940094,3.90000009536743,1.44900000095367,-2.7039999961853,0.349999994039536,2.29800009727478,98.9000015258789,6.17199993133545,100,0.421000003814697,66.2799987792969,1.90100002288818,97.129997253418,2.31100010871887,98.9599990844727,-10.5769996643066,0,-27.2119998931885,0,0,0,0,0,0,0,0,0,0,0,0,0,0,0,0,0,0,0,0,0,1,1,0,0,200,0,100,0,100,0,200,200,0,100,100,0,0,0,-0.0520000010728836,1,-1.99899995326996,1,1,0,0,0,0,0,200,300,100,0,0,0,0,0,200,200,0,100,0,0,0,0,0,0,1.40299999713898,2.58500003814697,0,477.5,513.5,392,434.75,390,5.08300018310547,7.25,2.43600010871887,1.6139999628067,95.1650009155273,2.47000002861023,-13.8879995346069
C:\Summer 2023 - DSI-SRP\featureFR\Text Analysis\data\cohmetrix-input_ListA\A1_14.txt,1,1,10,1,0,10,0,1.29999995231628,0.483000010251999,3.70000004768372,1.49399995803833,-4.42899990081787,0,2.05399990081787,97.9800033569336,10.4589996337891,100,0.375,64.4300003051758,-1.24000000953674,10.75,1.59700000286102,94.4100036621094,-11.1269998550415,0,-27.3099994659424,0,0,0,0,0,0,0,0,0,0,0,0,0,0,0,0,0,0,0,0,0,1,1,0,0,100,0,100,100,0,0,100,0,100,100,100,0,0,0,0.156000003218651,0.333000004291534,-1.99899995326996,0,4,0,0,0,0,0,100,400,0,0,0,0,0,100,200,300,100,0,0,0,0,0,0,0,1.15699994564056,2.01699995994568,0.300000011920929,253,571,613,620,467,3.09100008010864,6.34999990463257,3.92600011825562,2.22499990463257,86.7050018310547,3.65000009536743,-19.3470001220703
C:\Summer 2023 - DSI-SRP\featureFR\Text Analysis\data\cohmetrix-input_ListA\A1_15.txt,1,1,10,1,0,10,0,1.5,0.707000017166138,4.90000009536743,2.42400002479553,-3.68899989128113,0,0.250999987125397,59.8699989318848,3.46799993515015,99.9700012207031,-0.243000000715256,40.5200004577637,1.07200002670288,85.7699966430664,6.7189998626709,100,-9.27099990844727,0,-27.1770000457764,0,0,0,0,0,0,0,0,0,0,0,0,0,0,0,0,0,0,0,0,0,1,1,0,0,200,0,100,100,100,0,100,100,100,0,0,0,0,0,0.163000002503395,0.666999995708466,-1.99899995326996,0,0,0,0,0,0,0,200,300,0,0,0,0,0,0,200,0,300,0,0,0,0,0,0,0,2.47199988365173,2.83699989318848,0,436,547.856994628906,389,399.571014404297,361.3330078125,5.16699981689453,7.125,1.48399996757507,1.55799996852875,69.7850036621094,6.01000022888184,9.85099983215332
C:\Summer 2023 - DSI-SRP\featureFR\Text Analysis\data\cohmetrix-input_ListA\A1_16.txt,1,1,9,1,0,9,0,1.44400000572205,0.726000010967255,4.77799987792969,2.16700005531311,-2.7590000629425,0.300000011920929,1.10599994659424,86.4300003051758,4.98299980163574,100,0.913999974727631,81.8600006103516,-3.58999991416931,0,3.23099994659424,99.9400024414063,-5.59200000762939,0,-27.8600006103516,0,0,0,0,0,0,0,0,0,0,0,0,0,0,0,0,0,0,0,0,0,1,1,0,0,111.111000061035,0,0,0,0,0,111.111000061035,111.111000061035,0,111.111000061035,111.111000061035,0,0,0,0,0,-1.99899995326996,0,1,0,0,0,0,0,444.444000244141,111.111000061035,0,222.22200012207,0,0,0,0,333.3330078125,111.111000061035,0,0,0,0,0,0,0,0,2.31299996376038,3.32399988174438,0,412.5,513.6669921875,465,443.6669921875,399,6.19999980926514,7.96799993515015,1.47599995136261,2.53800010681152,75.5380020141602,4.95900011062622,6.33599996566772
C:\Summer 2023 - DSI-SRP\featureFR\Text Analysis\data\cohmetrix-input_ListA\A1_17.txt,1,1,6,1,0,6,0,1.66700005531311,0.515999972820282,5.66699981689453,2.8050000667572,-1.61500000953674,5.36999988555908,4.38899993896484,100,-4.90399980545044,0,0.866999983787537,80.5100021362305,-4.90100002288818,0,-3.86299991607666,0,3.05800008773804,99.8899993896484,-26.4139995574951,0,0,0,0,0,0,0,0,0,0,0,0,0,0,0,0,0,0,0,0,0,1,1,0,0,0,0,0,0,0,0,0,0,0,166.667007446289,166.667007446289,166.667007446289,0,0,0,0,-1.99899995326996,0,0.5,0,0,0,0,0,333.3330078125,166.667007446289,166.667007446289,166.667007446289,0,0,0,0,333.3330078125,166.667007446289,0,166.667007446289,0,0,0,0,0,0,1.75999999046326,2.77800011634827,0,483,493.75,440.5,372,0,1.85699999332428,7.93800020217896,3.5,2.76799988746643,59.7169990539551,6.4210000038147,-5.94999980926514
C:\Summer 2023 - DSI-SRP\featureFR\Text Analysis\data\cohmetrix-input_ListA\A1_18.txt,1,1,10,1,0,10,0,1.29999995231628,0.483000010251999,4.30000019073486,1.94700002670288,-2.65300011634827,0.400000005960464,1.57099997997284,94.1800003051758,3.1010000705719,99.9000015258789,0.228000000119209,58.7099990844727,-0.949000000953674,17.3600006103516,2.04099988937378,97.9300003051758,2.81699991226196,99.75,-28.4680004119873,0,0,0,0,0,0,0,0,0,0,0,0,0,0,0,0,0,0,0,0,0,1,0.899999976158142,28,0,100,0,0,0,100,0,0,100,0,100,100,100,0,0,0,0,-1.99899995326996,0,1,0,0,0,0,0,500,100,0,200,0,0,0,0,400,100,100,0,0,0,0,0,0,0,1.89999997615814,2.99900007247925,0,329.5,572.200012207031,379.25,367,393.3330078125,2.91700005531311,7.20699977874756,3.5,2.69400000572205,86.7050018310547,3.65000009536743,-2.84200000762939
C:\Summer 2023 - DSI-SRP\featureFR\Text Analysis\data\cohmetrix-input_ListA\A1_19.txt,1,1,8,1,0,8,0,1.625,0.744000017642975,5.5,2.50699996948242,-1.67499995231628,4.75,2.2279999256134,98.6800003051758,4.0460000038147,100,0.931999981403351,82.379997253418,-3.47199988365173,0.0299999993294477,2.61500000953674,99.5500030517578,2.31599998474121,98.9599990844727,-27.9209995269775,0,0,0,0,0,0,0,0,0,0,0,0,0,0,0,0,0,0,0,0,0,1,0.875,0,0,0,0,0,0,0,0,0,0,0,125,125,125,0,0,-0.0529999993741512,1,-1.99899995326996,0,1,0,0,0,0,0,250,250,0,0,0,0,0,0,250,250,0,125,0,0,0,0,0,0,1.99000000953674,2.76799988746643,1.26999998092651,366,566,477,454.3330078125,418,3.77800011634827,7.68800020217896,3.03600001335144,2.38299989700317,61.2400016784668,6.70499992370605,-0.842999994754791
C:\Summer 2023 - DSI-SRP\featureFR\Text Analysis\data\cohmetrix-input_ListA\A1_2.txt,1,1,9,1,0,9,0,1.44400000572205,1.01400005817413,4.66699981689453,2.91499996185303,-3.65799999237061,0,-1.84700000286102,3.28999996185303,2.72000002861023,99.6600036621094,-0.0430000014603138,48.4000015258789,-4.70300006866455,0,5.81099987030029,100,2.42400002479553,99.2200012207031,-28.0139999389648,0,0,0,0,0,0,0,0,0,0,0,0,0,0,0,0,0,0,0,0,0,1,1,0,0,0,0,0,0,0,0,0,0,0,0,0,0,0,0,0,0,-1.99899995326996,3,2,0,0,0,0,0,222.22200012207,111.111000061035,0,0,0,0,0,0,222.22200012207,111.111000061035,333.3330078125,0,0,0,0,0,0,0,2.95300006866455,3.04999995231628,0,533,556.799987792969,378.200012207031,433.799987792969,488.5,4.40000009536743,4,0.846000015735626,0.884999990463257,75.5380020141602,4.95900011062622,20.5279998779297
C:\Summer 2023 - DSI-SRP\featureFR\Text Analysis\data\cohmetrix-input_ListA\A1_20.txt,1,1,10,1,0,10,0,1.5,0.52700001001358,4.40000009536743,1.89699995517731,-2.08500003814697,1.87999999523163,1.29100000858307,90.1500015258789,4.77099990844727,100,1.16400003433228,87.6999969482422,-2.79900002479553,0.259999990463257,6.30100011825562,100,2.09899997711182,98.1699981689453,-28.2689990997314,0,0,0,0,0,0,0,0,0,0,0,0,0,0,0,0,0,0,0,0,0,1,1,0,0,0,0,0,0,0,0,0,0,0,100,100,0,0,0,0.0199999995529652,1,-1.99899995326996,0,0.666999995708466,0,0,0,0,0,400,300,0,100,0,0,0,0,300,300,0,0,0,0,0,0,0,0,2.24699997901917,2.78500008583069,1.83000004291534,316.5,568.5,415.75,443.75,444.3330078125,8.72700023651123,7.93699979782104,2.33299994468689,2.80100011825562,69.7850036621094,6.01000022888184,4.85500001907349
C:\Summer 2023 - DSI-SRP\featureFR\Text Analysis\data\cohmetrix-input_ListA\A1_3.txt,1,1,12,1,0,12,0,1.25,0.451999992132187,4.33300018310547,1.875,-3.3529999256134,0.0399999991059303,0.64300000667572,73.8899993896484,3.96700000762939,100,0.370000004768372,64.4300003051758,1.84300005435944,96.7099990844727,4.6100001335144,100,2.625,99.5599975585938,-27.181999206543,0,0,0,0,0,0,0,0,0,0,0,0,0,0,0,0,0,0,0,0,0,1,1,0,0,83.3330001831055,83.3330001831055,83.3330001831055,0,0,83.3330001831055,0,83.3330001831055,0,83.3330001831055,83.3330001831055,0,0,1,0.0689999982714653,1,-1.99899995326996,7,1.33299994468689,0,0,0,0,0,250,333.3330078125,0,83.3330001831055,0,0,83.3330001831055,0,250,250,166.667007446289,0,0,0,0,0,0,0,1.87699997425079,2.70499992370605,0,392.3330078125,551,377,439.713989257813,454.3330078125,4.07100009918213,7,2.51699995994568,2.21900010108948,88.9049987792969,3.83999991416931,-3.34899997711182
C:\Summer 2023 - DSI-SRP\featureFR\Text Analysis\data\cohmetrix-input_ListA\A1_4.txt,1,1,11,1,0,11,0,1.3639999628067,0.674000024795532,4.18200016021729,2.13599991798401,-2.54399991035461,0.550000011920929,0.593999981880188,72.2399978637695,3.58999991416931,100,0.869000017642975,80.5100021362305,-3.30200004577637,0.0500000007450581,4.05999994277954,100,1.73599994182587,95.8199996948242,-27.757999420166,0,0,0,0,0,0,0,0,0,0,0,0,0,0,0,0,0,0,0,0,0,1,0.908999979496002,33.8800010681152,0,0,0,0,0,0,0,0,0,0,90.9089965820313,90.9089965820313,0,0,0,0.046000000089407,0.5,-1.99899995326996,2,0.5,0,0,0,0,0,181.817993164063,636.364013671875,0,0,90.9089965820313,0,0,181.817993164063,90.9089965820313,181.817993164063,90.9089965820313,0,90.9089965820313,0,0,0,0,90.9089965820313,2.0699999332428,2.85800004005432,0,477.5,535,435.3330078125,450.5,431,6.91699981689453,8,1.55999994277954,1.31700003147125,80.2760009765625,4.79500007629395,0.931999981403351
C:\Summer 2023 - DSI-SRP\featureFR\Text Analysis\data\cohmetrix-input_ListA\A1_5.txt,1,1,11,1,0,11,0,1.54499995708466,0.934000015258789,4.72700023651123,3.28900003433228,-3.66100001335144,0,-0.694000005722046,24.5100002288818,3.19600009918213,99.9300003051758,0.300000011920929,61.7900009155273,-4.34899997711182,0,3.5789999961853,100,-3.74200010299683,0,-27.6259994506836,0,0,0,0,0,0,0,0,0,0,0,0,0,0,0,0,0,0,0,0,0,1,1,0,0,90.9089965820313,0,0,0,0,0,90.9089965820313,90.9089965820313,0,0,0,0,0,0,0,0,-1.99899995326996,5,1,0,0,0,0,0,545.455017089844,90.9089965820313,0,181.817993164063,0,0,0,0,454.545013427734,0,90.9089965820313,0,0,0,0,0,0,0,1.96300005912781,2.93199992179871,0,476,554.400024414063,399.5,420.799987792969,379,4,7.12200021743774,0.846000015735626,3.03800010681152,64.9629974365234,6.93100023269653,-1.43499994277954
C:\Summer 2023 - DSI-SRP\featureFR\Text Analysis\data\cohmetrix-input_ListA\A1_6.txt,1,1,9,1,0,9,0,1.66700005531311,0.707000017166138,5.44399976730347,2.5550000667572,-1.84899997711182,3.22000002861023,1.54999995231628,93.9400024414063,3.24399995803833,99.9400024414063,0.405000001192093,65.5400009155273,5.11899995803833,100,6.09800004959106,100,2.00600004196167,97.7200012207031,-27.4169998168945,0,0,0,0,0,0,0,0,0,0,0,0,0,0,0,0,0,0,0,0,0,1,1,0,0,222.22200012207,111.111000061035,0,0,111.111000061035,0,0,222.22200012207,0,111.111000061035,222.22200012207,0,0.5,1,0.0240000002086163,1,-1.99899995326996,0,0.5,0,0,0,0,0,222.22200012207,333.3330078125,111.111000061035,111.111000061035,0,0,111.111000061035,0,222.22200012207,333.3330078125,111.111000061035,111.111000061035,0,0,0,0,0,0,2.71199989318848,2.91599988937378,0,366,571,338.200012207031,353.399993896484,404.75,8.19999980926514,3.625,1.81299996376038,1.26900005340576,56.6720008850098,7.59100008010864,15.1809997558594
C:\Summer 2023 - DSI-SRP\featureFR\Text Analysis\data\cohmetrix-input_ListA\A1_7.txt,1,1,10,1,0,10,0,1.39999997615814,0.699000000953674,4.30000019073486,2.26300001144409,-2.12800002098084,1.70000004768372,1.70500004291534,95.5400009155273,2.24600005149841,98.75,0.773000001907349,77.9400024414063,3.12899994850159,99.9100036621094,3.08200001716614,99.9000015258789,3.01099991798401,99.870002746582,-27.42799949646,0,0,0,0,0,0,0,0,0,0,0,0,0,0,0,0,0,0,0,0,0,1,0.899999976158142,28,0,100,100,100,0,0,100,0,100,0,100,100,0,0,1,0.0820000022649765,0.333000004291534,-1.99899995326996,0,1.5,0,0,0,0,0,300,400,0,100,0,0,0,100,200,300,0,0,0,0,0,0,0,0,2.51500010490417,3.27699995040894,0,490,538.200012207031,403.200012207031,375,415.3330078125,4.81799983978271,7,1.40900003910065,1.65699994564056,78.245002746582,4.82999992370605,10.8140001296997
C:\Summer 2023 - DSI-SRP\featureFR\Text Analysis\data\cohmetrix-input_ListA\A1_8.txt,1,1,9,1,0,9,0,1.77799999713898,1.09300005435944,5,2.73900008201599,-2.24600005149841,1.25,2.87400007247925,99.7900009155273,2.30299997329712,98.9300003051758,0.584999978542328,71.9000015258789,3.91400003433228,100,2.74300003051758,99.6900024414063,2.78600001335144,99.7300033569336,-26.9750003814697,0,0,0,0,0,0,0,0,0,0,0,0,0,0,0,0,0,0,0,0,0,1,0.888999998569489,0,0,111.111000061035,111.111000061035,111.111000061035,0,0,0,0,111.111000061035,0,111.111000061035,222.22200012207,111.111000061035,0.5,0.5,0.0469999983906746,1,-1.99899995326996,0,1,0,0,0,0,0,222.22200012207,222.22200012207,0,0,0,0,0,0,222.22200012207,222.22200012207,111.111000061035,111.111000061035,0,0,0,0,0,0,2.28999996185303,2.98000001907349,0,389.3330078125,538.75,419.25,417,390.5,4.30000019073486,7.625,1.76699995994568,1.87800002098084,47.2809982299805,8.89999961853027,5.81699991226196
C:\Summer 2023 - DSI-SRP\featureFR\Text Analysis\data\cohmetrix-input_ListA\A1_9.txt,1,1,10,1,0,10,0,1.5,0.52700001001358,4.90000009536743,1.28699994087219,-5.65399980545044,0,2.58299994468689,99.5100021362305,3.69700002670288,100,0.416999995708466,65.9100036621094,-3.66599988937378,0,9.83899974822998,100,-6.31099987030029,0,-27.7029991149902,0,0,0,0,0,0,0,0,0,0,0,0,0,0,0,0,0,0,0,0,0,0.85699999332428,0.899999976158142,28,0,100,0,0,0,0,0,100,100,0,100,100,100,0,0,1,1,-1.99899995326996,0,1,0,0,0,0,0,400,300,0,100,0,0,0,0,300,200,200,0,0,0,0,0,0,0,1.75300002098084,2.61999988555908,0,394.399993896484,525.3330078125,475,448.1669921875,445.5,7.72700023651123,6.88899993896484,2.76900005340576,2.38199996948242,69.7850036621094,6.01000022888184,-6.09800004959106
C:\Summer 2023 - DSI-SRP\featureFR\Text Analysis\data\cohmetrix-input_ListA\A2_1.txt,1,1,10,1,0,10,0,1.60000002384186,1.07500004768372,4.40000009536743,2.1710000038147,-2.7409999370575,0.310000002384186,2.12599992752075,98.3000030517578,4.13500022888184,100,0.736000001430511,76.7300033569336,3.5460000038147,100,2.67600011825562,99.620002746582,-4.16200017929077,0,-27.0900001525879,0,0,0,0,0,0,0,0,0,0,0,0,0,0,0,0,0,0,0,0,0,1,1,0,0,200,100,100,0,0,0,100,200,0,100,200,0,0.5,0,0.00999999977648258,0.666999995708466,-1.99899995326996,9,1,0,0,0,0,0,300,500,0,100,0,0,0,100,300,200,0,0,0,0,0,0,0,0,1.92299997806549,2.70000004768372,0.600000023841858,299,547,376,397.6669921875,383.6669921875,5,7.47499990463257,1.46099996566772,2.23399996757507,61.3250007629395,7.19000005722046,-2.32299995422363
C:\Summer 2023 - DSI-SRP\featureFR\Text Analysis\data\cohmetrix-input_ListA\A2_10.txt,1,1,10,1,0,10,0,1.89999997615814,1.10099995136261,5.59999990463257,2.75699996948242,-2.5239999294281,0.589999973773956,2.57200002670288,99.4899978637695,6.48899984359741,100,0.308999985456467,61.7900009155273,6.61299991607666,100,1.18900001049042,88.0999984741211,1.54499995708466,93.8199996948242,-27.9230003356934,0,0,0,0,0,0,0,0,0,0,0,0,0,0,0,0,0,0,0,0,0,1,1,0,0,200,100,100,0,100,100,0,200,0,100,100,0,0,1,0.0540000014007092,0,-1.99899995326996,3,1,0,0,0,0,0,400,100,100,200,0,0,0,0,400,200,0,100,0,0,0,0,0,0,1.82299995422363,2.52600002288818,1.03999996185303,237,584.799987792969,478.600006103516,507.600006103516,453,3.41700005531311,5.80800008773804,2.13499999046326,2.29200005531311,35.9449996948242,10.7299995422363,-4.55399990081787
C:\Summer 2023 - DSI-SRP\featureFR\Text Analysis\data\cohmetrix-input_ListA\A2_11.txt,1,1,11,1,0,11,0,1.27300000190735,0.467000007629395,4.45499992370605,1.91600000858307,-2.66899991035461,0.379999995231628,0.610000014305115,72.5699996948242,3.49300003051758,99.9800033569336,0.824999988079071,79.3899993896484,-3.39199995994568,0.0299999993294477,5.71799993515015,100,1.46800005435944,92.7900009155273,-27.92799949646,0,0,0,0,0,0,0,0,0,0,0,0,0,0,0,0,0,0,0,0,0,1,0.908999979496002,33.8800010681152,0,0,0,0,0,0,0,0,0,0,90.9089965820313,90.9089965820313,0,0,0,0.0280000008642673,0.699999988079071,-1.99899995326996,6,1.5,0,0,0,0,0,181.817993164063,454.545013427734,0,0,90.9089965820313,0,0,90.9089965820313,181.817993164063,181.817993164063,0,90.9089965820313,0,0,0,0,0,0,2.25699996948242,3.06900000572205,1.83000004291534,291.5,544.400024414063,399.799987792969,440.200012207031,436.75,5.61499977111816,6.375,1.62300002574921,1.60500001907349,87.9739990234375,3.72099995613098,5.08799982070923
C:\Summer 2023 - DSI-SRP\featureFR\Text Analysis\data\cohmetrix-input_ListA\A2_12.txt,1,1,9,1,0,9,0,1.77799999713898,1.09300005435944,5.33300018310547,2.29099988937378,-2.84299993515015,0.230000004172325,3.9909999370575,100,9.32199954986572,100,0.949000000953674,82.6399993896484,4.72800016403198,100,1.83200001716614,96.6399993896484,-5.71799993515015,0,-27.2789993286133,0,0,0,0,0,0,0,0,0,0,0,0,0,0,0,0,0,0,0,0,0,1,1,0,0,222.22200012207,111.111000061035,111.111000061035,0,0,111.111000061035,111.111000061035,222.22200012207,0,111.111000061035,111.111000061035,111.111000061035,0,0.5,-0.034000001847744,1,-1.99899995326996,0,1.5,0,0,0,0,0,222.22200012207,333.3330078125,0,111.111000061035,0,0,0,0,444.444000244141,222.22200012207,0,0,0,0,0,0,0,0,1.60500001907349,2.78999996185303,0,0,555.5,508.5,542.5,433,5.30000019073486,7.22700023651123,2.06699991226196,3.30399990081787,47.2809982299805,8.89999961853027,-9.39200019836426
C:\Summer 2023 - DSI-SRP\featureFR\Text Analysis\data\cohmetrix-input_ListA\A2_13.txt,1,1,10,1,0,10,0,1.60000002384186,0.699000000953674,6.40000009536743,2.59100008010864,-4.42500019073486,0,1.43499994277954,92.3600006103516,8.60099983215332,100,-0.0560000017285347,48.0099983215332,-3.67899990081787,0,1.66600000858307,95.1500015258789,-12.9840002059937,0,-27.4379997253418,0,0,0,0,0,0,0,0,0,0,0,0,0,0,0,0,0,0,0,0,0,1,0.899999976158142,28,0,200,0,0,0,0,0,200,200,0,100,100,0,0,0,0,0,-1.99899995326996,1,1,0,0,0,0,0,500,100,0,0,0,0,0,0,500,0,200,0,0,0,0,0,0,0,1.45500004291534,2.2039999961853,0,0,560,466.5,491,456,2.30800008773804,6.78200006484985,3,3.10800004005432,61.3250007629395,7.19000005722046,-12.7229995727539
C:\Summer 2023 - DSI-SRP\featureFR\Text Analysis\data\cohmetrix-input_ListA\A2_14.txt,1,1,8,1,0,8,0,1.25,0.707000017166138,4,1.69000005722046,-2.34599995613098,0.959999978542328,-0.762000024318695,22.3600006103516,5.82100009918213,100,0.896000027656555,81.3300018310547,-4.0939998626709,0,4.15500020980835,100,1.39999997615814,91.7699966430664,-27.8229999542236,0,0,0,0,0,0,0,0,0,0,0,0,0,0,0,0,0,0,0,0,0,1,1,0,0,0,0,0,0,0,0,0,0,0,0,0,0,0,0,0,0,-1.99899995326996,2,1,0,0,0,0,0,500,125,0,125,0,0,0,0,375,125,125,0,0,0,0,0,0,0,2.32999992370605,2.94000005722046,0.300000011920929,0,544.200012207031,469.200012207031,508.200012207031,426.799987792969,5.77799987792969,6.05299997329712,0.846000015735626,2.11199998855591,92.9649963378906,2.27999997138977,6.70599985122681
C:\Summer 2023 - DSI-SRP\featureFR\Text Analysis\data\cohmetrix-input_ListA\A2_15.txt,1,1,10,1,0,10,0,1.29999995231628,0.675000011920929,3.70000004768372,1.8289999961853,-2.84299993515015,0.230000004172325,1.71200001239777,95.6399993896484,2.47399997711182,99.3199996948242,0.565999984741211,71.2300033569336,-3.85700011253357,0,3.40300011634827,99.9700012207031,1.94900000095367,97.379997253418,-28.6079998016357,0,0,0,0,0,0,0,0,0,0,0,0,0,0,0,0,0,0,0,0,0,1,1,0,0,0,0,0,0,0,100,0,0,0,100,100,100,0,0,0,0,-1.99899995326996,1,1.5,0,0,0,0,0,200,300,100,100,0,0,0,100,400,0,100,100,0,0,0,0,0,0,2.28299999237061,2.79200005531311,1.36000001430511,411,560.570983886719,370.856994628906,400.856994628906,424.6669921875,6.41699981689453,6.49100017547607,2.5,2.37199997901917,86.7050018310547,3.65000009536743,5.65899991989136
C:\Summer 2023 - DSI-SRP\featureFR\Text Analysis\data\cohmetrix-input_ListA\A2_16.txt,1,1,11,1,0,11,0,1.72699999809265,0.78600001335144,5.18200016021729,2.56200003623962,-3.26399993896484,0.0599999986588955,1.11800003051758,86.6500015258789,6.29500007629395,100,0.566999971866608,71.2300033569336,-3.35800004005432,0.0399999991059303,2.67899990081787,99.620002746582,-4.53200006484985,0,-28.056999206543,0,0,0,0,0,0,0,0,0,0,0,0,0,0,0,0,0,0,0,0,0,1,1,0,0,90.9089965820313,0,0,0,0,0,90.9089965820313,90.9089965820313,0,90.9089965820313,90.9089965820313,0,0,0,-0.00899999961256981,0,-1.99899995326996,0,1,0,0,0,0,0,363.635986328125,272.726989746094,0,90.9089965820313,0,0,0,0,454.545013427734,181.817993164063,90.9089965820313,0,0,0,0,0,0,0,1.99699997901917,2.76699995994568,0,352.399993896484,573,459,504.600006103516,447,5,6.39200019836426,2.28299999237061,3.04399991035461,49.5660018920898,9.07900047302246,-0.684000015258789
C:\Summer 2023 - DSI-SRP\featureFR\Text Analysis\data\cohmetrix-input_ListA\A2_17.txt,1,1,9,1,0,9,0,1.55599999427795,1.12999999523163,4.77799987792969,3.11400008201599,-3.19199991226196,0.0700000002980232,1.20099997520447,88.4899978637695,3.62599992752075,100,0.994000017642975,83.8899993896484,-3.69400000572205,0,4.32299995422363,100,1.22300004959106,88.879997253418,-28.0450000762939,0,0,0,0,0,0,0,0,0,0,0,0,0,0,0,0,0,0,0,0,0,1,0.888999998569489,0,0,0,0,0,0,0,0,0,0,0,111.111000061035,111.111000061035,0,0,0,0.166999995708466,0,-1.99899995326996,2,0.666999995708466,0,0,0,0,0,444.444000244141,222.22200012207,0,222.22200012207,111.111000061035,0,0,0,333.3330078125,111.111000061035,0,0,0,0,0,0,0,0,1.62699997425079,3.41400003433228,0,0,552.5,369,454.5,433,4,7.63899993896484,1.8400000333786,2.66000008583069,66.0619964599609,6.2810001373291,-8.91100025177002
C:\Summer 2023 - DSI-SRP\featureFR\Text Analysis\data\cohmetrix-input_ListA\A2_18.txt,1,1,11,1,0,11,0,1.182000041008,0.405000001192093,3.36400008201599,1.56700003147125,-2.83500003814697,0.230000004172325,0.949000000953674,82.6399993896484,6.01000022888184,100,0.795000016689301,78.5199966430664,0.665000021457672,74.5400009155273,6.21999979019165,100,-4.78299999237061,0,-28.2399997711182,0,0,0,0,0,0,0,0,0,0,0,0,0,0,0,0,0,0,0,0,0,1,0.908999979496002,33.8800010681152,0,181.817993164063,90.9089965820313,0,0,0,0,90.9089965820313,181.817993164063,0,90.9089965820313,181.817993164063,0,0.5,1,0,0,-1.99899995326996,4,1.66700005531311,0,0,0,0,0,363.635986328125,90.9089965820313,0,90.9089965820313,0,0,0,0,363.635986328125,0,0,0,0,0,0,0,0,0,2.5,3.36199998855591,1.88999998569489,385,581.75,429.25,447.75,435.3330078125,8.75,6.50899982452393,1.59200000762939,2.30200004577637,95.6729965209961,2.64800000190735,10.4809999465942
C:\Summer 2023 - DSI-SRP\featureFR\Text Analysis\data\cohmetrix-input_ListA\A2_19.txt,1,1,10,1,0,10,0,1.29999995231628,0.483000010251999,3.70000004768372,1.76699995994568,-3.38100004196167,0.0399999991059303,-0.723999977111816,23.5799999237061,4.18300008773804,100,0.372999995946884,64.4300003051758,-4.49200010299683,0,3.45799994468689,99.9700012207031,1.99500000476837,97.6699981689453,-27.9120006561279,0,0,0,0,0,0,0,0,0,0,0,0,0,0,0,0,0,0,0,0,0,1,1,0,0,0,0,0,0,0,0,0,0,0,0,0,0,0,0,0,0,-1.99899995326996,3,1,0,0,0,0,0,500,100,0,100,0,0,0,0,400,0,100,0,0,0,0,0,0,0,1.82000005245209,2.64299988746643,1.37999999523163,385,553,473.6669921875,475.6669921875,427,3.36400008201599,6.88299989700317,0,2.50300002098084,86.7050018310547,3.65000009536743,-4.61800003051758
C:\Summer 2023 - DSI-SRP\featureFR\Text Analysis\data\cohmetrix-input_ListA\A2_2.txt,1,1,11,1,0,11,0,1.3639999628067,0.674000024795532,4.72700023651123,2.6489999294281,-2.69400000572205,0.360000014305115,2.97099995613098,99.8499984741211,8.3439998626709,100,0.966000020503998,83.1500015258789,3.08200001716614,99.9000015258789,3.01999998092651,99.870002746582,-9.10299968719482,0,-27.1830005645752,0,0,0,0,0,0,0,0,0,0,0,0,0,0,0,0,0,0,0,0,0,1,1,0,0,181.817993164063,0,181.817993164063,90.9089965820313,0,0,90.9089965820313,90.9089965820313,90.9089965820313,90.9089965820313,90.9089965820313,0,0,0,0,1,-1.99899995326996,0,0.25,0,0,0,0,0,454.545013427734,272.726989746094,0,90.9089965820313,90.9089965820313,0,0,0,363.635986328125,181.817993164063,0,0,90.9089965820313,0,0,0,0,90.9089965820313,1.75699996948242,2.70499992370605,0.689999997615814,268,537.6669921875,484.600006103516,478.5,497.3330078125,5.07100009918213,6.86999988555908,1.80099999904633,2.34899997711182,80.2760009765625,4.79500007629395,-6.02400016784668
C:\Summer 2023 - DSI-SRP\featureFR\Text Analysis\data\cohmetrix-input_ListA\A2_20.txt,1,1,10,1,0,10,0,1.39999997615814,0.515999972820282,3.90000009536743,1.66299998760223,-3.11199998855591,0.0900000035762787,0.533999979496002,70.1900024414063,3.64599990844727,100,0.644999980926514,73.8899993896484,-3.90700006484985,0,4.52899980545044,100,1.76199996471405,96.0800018310547,-28.5020008087158,0,0,0,0,0,0,0,0,0,0,0,0,0,0,0,0,0,0,0,0,0,1,1,0,0,0,0,0,0,0,0,0,0,0,100,100,0,0,0,0,0,-1.99899995326996,3,1,0,0,0,0,0,500,100,0,100,0,0,0,0,300,0,100,0,0,0,0,0,0,0,2.1340000629425,2.83899998664856,1.37999999523163,385,558.599975585938,421.399993896484,439.600006103516,429.25,6.81799983978271,6.77799987792969,2.09999990463257,2.03900003433228,78.245002746582,4.82999992370605,2.3529999256134
C:\Summer 2023 - DSI-SRP\featureFR\Text Analysis\data\cohmetrix-input_ListA\A2_3.txt,1,1,10,1,0,10,0,2.20000004768372,1.22899997234344,6.09999990463257,2.76699995994568,-4.76100015640259,0,3.92499995231628,100,5.8289999961853,100,-0.372000008821487,35.5699996948242,5.85699987411499,100,1.47899997234344,92.9199981689453,-9.75500011444092,0,-27.548999786377,0,0,0,0,0,0,0,0,0,0,0,0,0,0,0,0,0,0,0,0,0,1,1,0,0,200,100,200,100,0,0,100,100,100,100,200,0,0.5,0,0,0,-1.99899995326996,2,0.600000023841858,0,0,0,0,0,600,100,0,0,0,0,0,0,500,0,300,0,0,0,0,0,0,0,1.86699998378754,2.04299998283386,1.26999998092651,353,581.429016113281,456.3330078125,454.286010742188,446,4.85699987411499,6.40999984741211,3,2.50399994850159,10.5649995803833,14.2700004577637,-3.58200001716614
C:\Summer 2023 - DSI-SRP\featureFR\Text Analysis\data\cohmetrix-input_ListA\A2_4.txt,1,1,9,1,0,9,0,1.88900005817413,1.16700005531311,5.88899993896484,3.01799988746643,-3.33100008964539,0.0399999991059303,5.01399993896484,100,5.88299989700317,100,0.391999989748001,65.1699981689453,4.55800008773804,100,-1.10199999809265,13.5699996948242,-12.9139995574951,0,-26.9740009307861,0,0,0,0,0,0,0,0,0,0,0,0,0,0,0,0,0,0,0,0,0,1,0.888999998569489,0,0,333.3330078125,111.111000061035,111.111000061035,0,0,0,222.22200012207,333.3330078125,0,111.111000061035,222.22200012207,111.111000061035,0.5,0,0.112999998033047,0,-1.99899995326996,3,1,0,0,0,0,0,444.444000244141,222.22200012207,0,0,0,0,0,0,333.3330078125,222.22200012207,111.111000061035,0,0,0,0,0,0,0,1.62999999523163,2.42600011825562,1.13999998569489,318.6669921875,525.400024414063,449.75,455.200012207031,383.5,3.5,8.58300018310547,0.744000017642975,2.79800009727478,37.890998840332,10.210000038147,-8.83699989318848
C:\Summer 2023 - DSI-SRP\featureFR\Text Analysis\data\cohmetrix-input_ListA\A2_5.txt,1,1,10,1,0,10,0,2.09999990463257,0.875999987125397,5.90000009536743,2.0789999961853,-3.85999989509583,0,3.66400003433228,100,0.852999985218048,80.2300033569336,0.317999988794327,62.1699981689453,-2.37299990653992,0.889999985694885,-1.03799998760223,15.1499996185303,-10.3780002593994,0,-25.7999992370605,0,0,0,0,0,0,0,0,0,0,0,0,0,0,0,0,0,0,0,0,0,0.85699999332428,0.899999976158142,28,0,100,0,100,100,0,0,100,0,100,100,100,0,0,0,0.140000000596046,0,-1.99899995326996,2,0.75,0,0,0,0,0,500,200,0,0,0,0,0,0,400,100,200,0,0,0,0,0,0,0,1.32099997997284,1.91299998760223,0.469999998807907,0,568,497,551,0,2.38499999046326,9,1.5,3,19.0249996185303,13.0900001525879,-15.6890001296997
C:\Summer 2023 - DSI-SRP\featureFR\Text Analysis\data\cohmetrix-input_ListA\A2_6.txt,1,1,9,1,0,9,0,1.22200000286102,0.441000014543533,4.11100006103516,1.76400005817413,-0.0750000029802322,47.2099990844727,1.81200003623962,96.4899978637695,2.67400002479553,99.620002746582,1.46200001239777,92.7900009155273,-3.48499989509583,0.0299999993294477,2.97399997711182,99.8499984741211,2.38000011444092,99.129997253418,-28.0629997253418,0,0,0,0,0,0,0,0,0,0,0,0,0,0,0,0,0,0,0,0,0,1,1,0,0,0,0,0,0,0,111.111000061035,0,0,0,111.111000061035,111.111000061035,111.111000061035,0,0,0.0320000015199184,0.5,-1.99899995326996,2,1,0,0,0,0,0,222.22200012207,444.444000244141,111.111000061035,0,0,0,0,111.111000061035,111.111000061035,333.3330078125,0,111.111000061035,111.111000061035,0,0,111.111000061035,0,0,2.3659999370575,3.02800011634827,1.88999998569489,217,572,369,423,408,5.19999980926514,5.5,1.37399995326996,1.09899997711182,94.3190002441406,2.33999991416931,7.50500011444092
C:\Summer 2023 - DSI-SRP\featureFR\Text Analysis\data\cohmetrix-input_ListA\A2_7.txt,1,1,10,1,0,10,0,1.20000004768372,0.421999990940094,4.40000009536743,1.50600004196167,-2.21399998664856,1.36000001430511,3.42000007629395,99.9700012207031,5.96099996566772,100,0.859000027179718,80.2300033569336,3.63499999046326,100,1.16999995708466,87.9000015258789,-4.48999977111816,0,-27.3810005187988,0,0,0,0,0,0,0,0,0,0,0,0,0,0,0,0,0,0,0,0,0,1,1,0,0,200,100,100,0,0,100,100,200,0,100,100,100,0,0.5,0.0549999997019768,0.5,-1.99899995326996,5,1,0,0,0,0,0,200,500,0,100,0,0,0,0,200,300,100,0,0,0,0,0,0,0,1.692999958992,2.62299990653992,0.769999980926514,291.5,554.599975585938,412.399993896484,486.399993896484,426.5,4.78599977493286,7.82499980926514,1.25999999046326,1.47800004482269,95.1650009155273,2.47000002861023,-7.43100023269653
C:\Summer 2023 - DSI-SRP\featureFR\Text Analysis\data\cohmetrix-input_ListA\A2_8.txt,1,1,8,1,0,8,0,1.875,1.35599994659424,5.625,3.02099990844727,-3.81100010871887,0,3.23300004005432,99.9400024414063,3.28200006484985,99.9499969482422,0.216000005602837,58.3199996948242,4.44600009918213,100,0.577000021934509,71.5699996948242,1.83200001716614,96.6399993896484,-27.1469993591309,0,0,0,0,0,0,0,0,0,0,0,0,0,0,0,0,0,0,0,0,0,0.800000011920929,0.875,0,0,125,125,125,0,0,125,0,125,0,125,125,0,0,1,0,0,-1.99899995326996,3,1.5,0,0,0,0,0,250,125,0,125,0,0,0,0,250,125,250,0,0,0,0,0,0,0,1.54200005531311,2.29299998283386,1.03999996185303,225,546.6669921875,424.5,474,373.5,4.30000019073486,8.19999980926514,2.30800008773804,1.87100005149841,40.0900001525879,9.65499973297119,-10.7910003662109
C:\Summer 2023 - DSI-SRP\featureFR\Text Analysis\data\cohmetrix-input_ListA\A2_9.txt,1,1,10,1,0,10,0,1.60000002384186,0.699000000953674,5.90000009536743,2.64400005340576,-3.20700001716614,0.0700000002980232,4.05800008773804,100,-1.71700000762939,4.3600001335144,0.662999987602234,74.5400009155273,1.96700000762939,97.5,-1.37100005149841,8.52999973297119,2.76999998092651,99.7099990844727,-25.9370002746582,0,0,0,0,0,0,0,0,0,0,0,0,0,0,0,0,0,0,0,0,0,1,1,0,0,100,100,100,0,0,100,0,100,0,100,100,100,0,0.5,0.0820000022649765,0.333000004291534,-1.99899995326996,4,0.666999995708466,0,0,0,0,0,500,300,0,200,0,0,100,0,400,100,100,0,0,0,0,0,0,0,1.68599998950958,2.51999998092651,0,377,510.6669921875,496,493,0,3.81800007820129,7.82999992370605,0.777999997138977,3.05900001525879,61.3250007629395,7.19000005722046,-7.59299993515015
C:\Summer 2023 - DSI-SRP\featureFR\Text Analysis\data\cohmetrix-input_ListA\A3_1.txt,1,1,10,1,0,10,0,1.29999995231628,0.483000010251999,4.40000009536743,1.77600002288818,-1.99899995326996,2.27999997138977,0.244000002741814,59.4799995422363,3.65000009536743,100,0.783999979496002,78.2300033569336,2.96300005912781,99.8499984741211,7.91300010681152,100,2.59400010108948,99.5199966430664,-27.3519992828369,0,0,0,0,0,0,0,0,0,0,0,0,0,0,0,0,0,0,0,0,0,1,1,0,0,100,100,100,0,0,100,0,100,0,0,0,0,0,1,0.00999999977648258,1,-1.99899995326996,1,0.5,0,0,0,0,0,500,200,0,200,0,0,100,0,300,100,100,0,0,0,0,0,0,0,3,3.25300002098084,2.01999998092651,235.332992553711,586.6669921875,408.600006103516,430,415,5.81799983978271,6.67999982833862,1.29799997806549,2.05800008773804,86.7050018310547,3.65000009536743,21.5830001831055
C:\Summer 2023 - DSI-SRP\featureFR\Text Analysis\data\cohmetrix-input_ListA\A3_10.txt,1,1,10,1,0,10,0,1.20000004768372,0.421999990940094,4.09999990463257,1.79200005531311,-2.25600004196167,1.22000002861023,2.75699996948242,99.6999969482422,7.05299997329712,100,1.29900002479553,90.1500015258789,1.46300005912781,92.7900009155273,2.74900007247925,99.6900024414063,-6.17199993133545,0,-27.7040004730225,0,0,0,0,0,0,0,0,0,0,0,0,0,0,0,0,0,0,0,0,0,1,1,0,0,200,0,100,0,0,0,100,200,0,100,100,0,0,0,0.0309999994933605,0.333000004291534,-1.99899995326996,4,0.333000004291534,0,0,0,0,0,300,500,0,0,100,0,0,0,300,300,0,0,0,0,0,0,0,0,2.05599999427795,2.83999991416931,0,194.5,588.75,470.75,471.25,446.5,5.83300018310547,6.05000019073486,1.59300005435944,2.04399991035461,95.1650009155273,2.47000002861023,0.620999991893768
C:\Summer 2023 - DSI-SRP\featureFR\Text Analysis\data\cohmetrix-input_ListA\A3_11.txt,1,1,9,1,0,9,0,1.33299994468689,0.5,4.11100006103516,1.83299994468689,-3.06100010871887,0.109999999403954,0.847000002861023,79.9499969482422,2.67199993133545,99.620002746582,0.140000000596046,55.1699981689453,1.40799999237061,91.9199981689453,5.80600023269653,100,-4.21400022506714,0,-27.8680000305176,0,0,0,0,0,0,0,0,0,0,0,0,0,0,0,0,0,0,0,0,0,1,0.888999998569489,0,0,111.111000061035,0,111.111000061035,0,111.111000061035,0,111.111000061035,111.111000061035,0,0,0,0,0,0,0.247999995946884,0,-1.99899995326996,3,2,0,0,0,0,0,222.22200012207,333.3330078125,0,0,0,0,0,111.111000061035,222.22200012207,222.22200012207,222.22200012207,0,0,0,0,0,0,0,2.39499998092651,3.08299994468689,1.74000000953674,303,572.799987792969,370.5,391,362.3330078125,4.69999980926514,6.98899984359741,0.672999978065491,1.53199994564056,84.9280014038086,3.6489999294281,8.14900016784668
C:\Summer 2023 - DSI-SRP\featureFR\Text Analysis\data\cohmetrix-input_ListA\A3_12.txt,1,1,9,1,0,9,0,1.33299994468689,0.5,3.66700005531311,1.11800003051758,-2.57100009918213,0.509999990463257,2.32500004768372,98.9800033569336,5.59800004959106,100,0.927999973297119,82.120002746582,-0.314000010490417,37.8300018310547,8.25,100,-11.9700002670288,0,-27.6049995422363,0,0,0,0,0,0,0,0,0,0,0,0,0,0,0,0,0,0,0,0,0,1,0.888999998569489,0,0,111.111000061035,0,111.111000061035,111.111000061035,0,0,111.111000061035,0,111.111000061035,111.111000061035,111.111000061035,0,0,0,0.307000011205673,1,-1.99899995326996,0,1,0,0,0,0,0,222.22200012207,333.3330078125,111.111000061035,0,0,0,0,0,222.22200012207,222.22200012207,111.111000061035,111.111000061035,0,0,0,0,0,0,2.30299997329712,2.99900007247925,1.03999996185303,217,585.200012207031,409.600006103516,432.399993896484,430.200012207031,9.5,8.19999980926514,2.10999989509583,2.06200003623962,84.9280014038086,3.6489999294281,6.11399984359741
C:\Summer 2023 - DSI-SRP\featureFR\Text Analysis\data\cohmetrix-input_ListA\A3_13.txt,1,1,10,1,0,10,0,1.20000004768372,0.421999990940094,3.90000009536743,1.72899997234344,-2.20099997520447,1.38999998569489,0.898000001907349,81.3300018310547,6.40000009536743,100,0.680000007152557,74.8600006103516,2.74399995803833,99.6900024414063,3.42000007629395,99.9700012207031,1.692999958992,95.4499969482422,-27.7569999694824,0,0,0,0,0,0,0,0,0,0,0,0,0,0,0,0,0,0,0,0,0,1,1,0,0,100,100,100,0,0,100,0,100,0,100,100,0,0,1,0,0,-1.99899995326996,4,1,0,0,0,0,0,300,100,0,300,0,0,0,0,200,100,200,0,100,0,0,0,0,0,2.23799991607666,3.15100002288818,1.13999998569489,217,576.599975585938,512.75,519.599975585938,492.75,3.5,6.31099987030029,2.85700011253357,1.28999996185303,95.1650009155273,2.47000002861023,4.66300010681152
C:\Summer 2023 - DSI-SRP\featureFR\Text Analysis\data\cohmetrix-input_ListA\A3_14.txt,1,1,10,1,0,10,0,1.29999995231628,0.483000010251999,4,1.63300001621246,-3.23699998855591,0.0599999986588955,0.609000027179718,72.5699996948242,7.09299993515015,100,0.526000022888184,69.8499984741211,-0.256000012159348,40.1300010681152,3.28500008583069,99.9499969482422,0.810000002384186,79.0999984741211,-27.92799949646,0,0,0,0,0,0,0,0,0,0,0,0,0,0,0,0,0,0,0,0,0,1,1,0,0,100,0,100,0,0,0,0,100,0,100,100,0,0,0,0,0,-1.99899995326996,0,2,0,0,0,0,0,200,100,0,100,0,0,0,0,300,100,200,0,0,0,0,0,0,0,1.94799995422363,3.02900004386902,0,286.5,580.3330078125,522.6669921875,543.3330078125,489,4.36399984359741,6.74100017547607,0.5,1.88399994373322,86.7050018310547,3.65000009536743,-1.78699994087219
C:\Summer 2023 - DSI-SRP\featureFR\Text Analysis\data\cohmetrix-input_ListA\A3_15.txt,1,1,10,1,0,10,0,1.10000002384186,0.316000014543533,3.90000009536743,1.44900000095367,-1.53999996185303,6.17999982833862,1.83200001716614,96.6399993896484,6.38600015640259,100,1.14400005340576,87.2900009155273,0.66100001335144,74.5400009155273,2.47699999809265,99.3199996948242,-5.36899995803833,0,-27.5389995574951,0,0,0,0,0,0,0,0,0,0,0,0,0,0,0,0,0,0,0,0,0,1,1,0,0,200,0,100,0,0,0,100,200,0,100,100,0,0,0,0.0890000015497208,0.333000004291534,-1.99899995326996,4,0.25,0,0,0,0,0,400,400,0,0,0,0,0,0,300,300,0,0,0,0,0,0,0,0,2.33500003814697,2.74600005149841,0.600000023841858,194.5,573.1669921875,436.5,455.3330078125,460.3330078125,3.33299994468689,7.25,1.84899997711182,2.27500009536743,100,1.28999996185303,6.81699991226196
C:\Summer 2023 - DSI-SRP\featureFR\Text Analysis\data\cohmetrix-input_ListA\A3_16.txt,1,1,10,1,0,10,0,1.39999997615814,0.699000000953674,4.09999990463257,2.28299999237061,-2.34800004959106,0.959999978542328,-0.620999991893768,26.7600002288818,4.16200017929077,100,0.651000022888184,74.2200012207031,-0.517000019550323,30.5,3.81800007820129,100,1.83599996566772,96.6399993896484,-27.7910003662109,0,0,0,0,0,0,0,0,0,0,0,0,0,0,0,0,0,0,0,0,0,1,0.800000011920929,14,0,100,0,100,0,0,0,0,100,0,0,0,0,0,0,0.0309999994933605,0,-1.99899995326996,7,1.33299994468689,0,0,0,0,0,300,200,0,0,0,0,0,0,300,100,100,0,0,0,0,0,0,0,2.19000005722046,3.09200000762939,1.07000005245209,276,584,446,443.399993896484,439.75,3.66700005531311,6.54099988937378,1.93099999427795,1.95700001716614,78.245002746582,4.82999992370605,3.59699988365173
C:\Summer 2023 - DSI-SRP\featureFR\Text Analysis\data\cohmetrix-input_ListA\A3_17.txt,1,1,9,1,0,9,0,1.66700005531311,0.5,5.22200012207031,2.38599991798401,-4.18900012969971,0,0.42399999499321,66.2799987792969,7.50600004196167,100,0.120999999344349,54.7799987792969,-3.48499989509583,0.0299999993294477,6.10900020599365,100,1.11199998855591,86.6500015258789,-28.0769996643066,0,0,0,0,0,0,0,0,0,0,0,0,0,0,0,0,0,0,0,0,0,1,1,0,0,0,0,0,0,0,0,0,0,0,111.111000061035,111.111000061035,0,0,0,-0.0309999994933605,1,-1.99899995326996,0,2,0,0,0,0,0,222.22200012207,333.3330078125,0,0,0,0,0,111.111000061035,222.22200012207,222.22200012207,333.3330078125,0,0,0,0,0,0,0,1.807000041008,2.36199998855591,0.839999973773956,267,580,568,451.5,543,6.30000019073486,7.03999996185303,2.27300000190735,1.86199998855591,56.6720008850098,7.59100008010864,-4.90299987792969
C:\Summer 2023 - DSI-SRP\featureFR\Text Analysis\data\cohmetrix-input_ListA\A3_18.txt,1,1,10,1,0,10,0,1.70000004768372,0.823000013828278,5.30000019073486,2.49699997901917,-3.70099997520447,0,1.14499998092651,87.2900009155273,8.61200046539307,100,0.51800000667572,69.5,-3.5090000629425,0,5.55399990081787,100,-5.60300016403198,0,-27.8840007781982,0,0,0,0,0,0,0,0,0,0,0,0,0,0,0,0,0,0,0,0,0,1,1,0,0,100,0,0,0,0,0,100,100,0,100,100,100,0,0,0.061999998986721,1,-1.99899995326996,0,2.5,0,0,0,0,0,300,300,0,0,0,0,0,100,200,200,200,0,0,0,0,0,0,0,1.87000000476837,2.80100011825562,0,228,604,568,523,483,4.72700023651123,7.51800012588501,3.38499999046326,1.98199999332428,52.8650016784668,8.36999988555908,-3.50799989700317
C:\Summer 2023 - DSI-SRP\featureFR\Text Analysis\data\cohmetrix-input_ListA\A3_19.txt,1,1,10,1,0,10,0,1.89999997615814,1.28699994087219,5.80000019073486,3.58400011062622,-2.68499994277954,0.370000004768372,3.25300002098084,99.9400024414063,5.41699981689453,100,0.162000000476837,56.3600006103516,4.64599990844727,100,0.409000009298325,65.5400009155273,-10.3000001907349,0,-27.8290004730225,0,0,0,0,0,0,0,0,0,0,0,0,0,0,0,0,0,0,0,0,0,1,1,0,0,200,0,200,0,100,0,200,200,0,100,100,0,0,0,-0.0020000000949949,0,-1.99899995326996,4,1,0,0,0,0,0,400,200,100,100,0,0,100,0,300,200,100,100,0,0,0,0,0,0,1.942999958992,2.65100002288818,0.600000023841858,342.6669921875,553.5,395.799987792969,426.3330078125,423,3.18199992179871,7.37599992752075,1,2.19300007820129,35.9449996948242,10.7299995422363,-1.88999998569489
C:\Summer 2023 - DSI-SRP\featureFR\Text Analysis\data\cohmetrix-input_ListA\A3_2.txt,1,1,8,1,0,8,0,1.375,0.51800000667572,4.5,1.41400003433228,-1.13699996471405,12.9200000762939,2.57200002670288,99.4899978637695,4.21099996566772,100,0.538999974727631,70.1900024414063,2.76099991798401,99.7099990844727,1.50100004673004,93.3199996948242,-6.21500015258789,0,-27.9389991760254,0,0,0,0,0,0,0,0,0,0,0,0,0,0,0,0,0,0,0,0,0,1,0.875,0,0,125,0,125,0,125,0,125,125,0,125,125,0,0,0,0,0,-1.99899995326996,1,1,0,0,0,0,0,250,125,250,125,0,0,0,0,250,125,0,250,0,0,0,0,0,0,1.83599996566772,2.79299998283386,0.469999998807907,0,576,309.3330078125,368.6669921875,407.6669921875,3.90000009536743,8,2.47099995613098,1.84700000286102,82.3899993896484,3.75500011444092,-4.26300001144409
C:\Summer 2023 - DSI-SRP\featureFR\Text Analysis\data\cohmetrix-input_ListA\A3_20.txt,1,1,10,1,0,10,0,1.70000004768372,1.05900001525879,5.69999980926514,2.54099988937378,-3.61999988555908,0,1.61600005626678,94.629997253418,4.02600002288818,100,-0.708000004291534,24.2000007629395,4.29899978637695,100,6.40799999237061,100,-4.47200012207031,0,-27.7679996490479,0,0,0,0,0,0,0,0,0,0,0,0,0,0,0,0,0,0,0,0,0,1,1,0,0,200,0,100,0,200,0,100,200,0,100,100,0,0,0,0.104999996721745,1,-1.99899995326996,5,1.5,0,0,0,0,0,200,200,100,0,0,0,0,0,200,100,300,200,0,0,0,0,0,0,2.27099990844727,2.35400009155273,1.67999994754791,267,566.286010742188,349.5,368.428985595703,411,4.5,7.61399984359741,1.52300000190735,1.52300000190735,52.8650016784668,8.36999988555908,5.39799976348877
C:\Summer 2023 - DSI-SRP\featureFR\Text Analysis\data\cohmetrix-input_ListA\A3_3.txt,1,1,10,1,0,10,0,1.20000004768372,0.421999990940094,3.40000009536743,1.42999994754791,-2.65000009536743,0.400000005960464,0.310999989509583,62.1699981689453,3.80900001525879,100,0.753000020980835,77.3399963378906,-4.29500007629395,0,2.58100008964539,99.5100021362305,2.06599998474121,98.0299987792969,-27.8390007019043,0,0,0,0,0,0,0,0,0,0,0,0,0,0,0,0,0,0,0,0,0,1,0.899999976158142,28,0,0,0,0,0,0,0,0,0,0,100,100,0,0,0,0,0,-1.99899995326996,0,1.33299994468689,0,0,0,0,0,400,100,0,200,0,0,0,0,400,100,0,0,0,0,0,0,0,0,1.97000002861023,3.16899991035461,0,265.5,549,478.3330078125,436,382,3,7.56899976730347,2.88899993896484,3.01500010490417,95.1650009155273,2.47000002861023,-1.28699994087219
C:\Summer 2023 - DSI-SRP\featureFR\Text Analysis\data\cohmetrix-input_ListA\A3_4.txt,1,1,10,1,0,10,0,1.5,0.52700001001358,4.69999980926514,1.94700002670288,-3.50200009346008,0,0.625999987125397,73.2399978637695,5.96500015258789,100,0.344999998807907,63.310001373291,-4.22599983215332,0,0.273999989032745,60.6399993896484,1.08500003814697,85.9899978637695,-27.6340007781982,0,0,0,0,0,0,0,0,0,0,0,0,0,0,0,0,0,0,0,0,0,1,0.899999976158142,28,0,0,0,0,0,0,0,0,0,0,100,100,0,0,0,0,0,-1.99899995326996,0,2,0,0,0,0,0,300,100,100,100,0,0,0,0,400,100,0,100,0,0,0,0,0,0,1.38399994373322,2.43300008773804,0,336,529.5,547.5,544,431,2.09100008010864,7.81300020217896,2.33299994468689,3.05299997329712,69.7850036621094,6.01000022888184,-14.298999786377
C:\Summer 2023 - DSI-SRP\featureFR\Text Analysis\data\cohmetrix-input_ListA\A3_5.txt,1,1,10,1,0,10,0,1.5,0.52700001001358,4.30000019073486,2.00300002098084,-2.85899996757507,0.209999993443489,2.96399998664856,99.8499984741211,6.9980001449585,100,0.430999994277954,66.6399993896484,5.66599988937378,100,1.6710000038147,95.25,-9.4709997177124,0,-27.4899997711182,0,0,0,0,0,0,0,0,0,0,0,0,0,0,0,0,0,0,0,0,0,1,1,0,0,200,100,200,100,0,100,100,100,100,100,100,0,0,1,0,0,-1.99899995326996,0,1,0,0,0,0,0,500,100,0,200,0,0,0,0,300,100,100,0,0,0,0,0,0,0,1.96000003814697,2.90300011634827,0.469999998807907,283.3330078125,578.5,450,464,487.5,3.18199992179871,6.94099998474121,1.89999997615814,2.06599998474121,69.7850036621094,6.01000022888184,-1.50899994373322
C:\Summer 2023 - DSI-SRP\featureFR\Text Analysis\data\cohmetrix-input_ListA\A3_6.txt,1,1,9,1,0,9,0,1.55599999427795,0.52700001001358,4.88899993896484,1.89999997615814,-2.25999999046326,1.19000005722046,0.46399998664856,67.7200012207031,1.40499997138977,91.9199981689453,0.284000009298325,61.0299987792969,3.47199988365173,99.9700012207031,6.53599977493286,100,2.56800007820129,99.4800033569336,-26.7159996032715,0,0,0,0,0,0,0,0,0,0,0,0,0,0,0,0,0,0,0,0,0,1,1,0,0,111.111000061035,111.111000061035,111.111000061035,0,0,111.111000061035,0,111.111000061035,0,0,0,0,0,1,0.00999999977648258,1,-1.99899995326996,0,1.5,0,0,0,0,0,333.3330078125,222.22200012207,111.111000061035,111.111000061035,0,0,111.111000061035,0,222.22200012207,222.22200012207,222.22200012207,111.111000061035,0,0,0,0,0,0,2.66400003433228,3.03399991989136,1.42999994754791,327.25,585,346,373.571014404297,392.3330078125,5.5,6.73600006103516,1.29799997806549,1.60699999332428,66.0619964599609,6.2810001373291,14.1280002593994
C:\Summer 2023 - DSI-SRP\featureFR\Text Analysis\data\cohmetrix-input_ListA\A3_7.txt,1,1,10,1,0,10,0,1.20000004768372,0.421999990940094,3.40000009536743,1.07500004768372,-3.19000005722046,0.0700000002980232,1.70899999141693,95.5400009155273,4.96999979019165,100,0.451999992132187,67.3600006103516,-1.88100004196167,3.00999999046326,3.42799997329712,99.9700012207031,-10.0950002670288,0,-27.5830001831055,0,0,0,0,0,0,0,0,0,0,0,0,0,0,0,0,0,0,0,0,0,0.800000011920929,0.800000011920929,14,0,100,0,100,100,0,0,100,0,100,100,100,0,0,0,0,0,-1.99899995326996,0,2,0,0,0,0,0,200,300,0,0,0,0,0,0,200,0,200,0,0,0,0,0,0,0,1.75,2.68199992179871,1.25,0,572.5,341,412,418.5,3.90899991989136,8.16699981689453,2.47099995613098,1.70899999141693,95.1650009155273,2.47000002861023,-6.17199993133545
C:\Summer 2023 - DSI-SRP\featureFR\Text Analysis\data\cohmetrix-input_ListA\A3_8.txt,1,1,10,1,0,10,0,1.10000002384186,0.316000014543533,3.79999995231628,1.47599995136261,-1.87000000476837,3.0699999332428,0.210999995470047,58.3199996948242,4.45900011062622,100,0.916000008583069,81.8600006103516,-3.83800005912781,0,7.29199981689453,100,-5.08099985122681,0,-27.4409999847412,0,0,0,0,0,0,0,0,0,0,0,0,0,0,0,0,0,0,0,0,0,1,1,0,0,100,0,0,0,0,0,100,100,0,100,100,0,0,0,0.0350000001490116,1,-1.99899995326996,0,1,0,0,0,0,0,200,100,100,200,0,0,0,0,200,100,0,100,0,0,0,0,0,0,2.65000009536743,3.32299995422363,1.83000004291534,295.5,564.25,399,441.5,418.6669921875,4.38500022888184,7.08300018310547,1.50300002098084,1.32099997997284,100,1.28999996185303,13.8109998703003
C:\Summer 2023 - DSI-SRP\featureFR\Text Analysis\data\cohmetrix-input_ListA\A3_9.txt,1,1,10,1,0,10,0,1.20000004768372,0.421999990940094,3.90000009536743,1.66299998760223,-0.952000021934509,17.1100006103516,1.30400002002716,90.3199996948242,6.73000001907349,100,0.888999998569489,81.0599975585938,6.55200004577637,100,6.6399998664856,100,1.65499997138977,95.0500030517578,-27.5520000457764,0,0,0,0,0,0,0,0,0,0,0,0,0,0,0,0,0,0,0,0,0,1,1,0,0,200,100,100,0,100,100,0,200,0,100,100,0,0,1,0.0930000022053719,1,-1.99899995326996,0,0.333000004291534,0,0,0,0,0,400,200,100,200,0,0,0,0,200,100,0,100,100,0,0,0,0,100,2.41000008583069,3.21399998664856,1.9099999666214,243.667007446289,601.3330078125,499,468.6669921875,457.5,5.45499992370605,6.82499980926514,1.85000002384186,1.57700002193451,95.1650009155273,2.47000002861023,8.48200035095215
C:\Summer 2023 - DSI-SRP\featureFR\Text Analysis\data\cohmetrix-input_ListA\A4_1.txt,1,1,10,1,0,10,0,1.5,0.707000017166138,5.40000009536743,2.63299989700317,-3.89100003242493,0,3.22900009155273,99.9400024414063,3.28299999237061,99.9499969482422,0.586000025272369,71.9000015258789,3.75300002098084,100,6.40899991989136,100,-4.80200004577637,0,-26.943000793457,0,0,0,0,0,0,0,0,0,0,0,0,0,0,0,0,0,0,0,0,0,1,1,0,0,200,100,100,0,0,100,100,200,0,100,100,0,0,1,0.211999997496605,1,-1.99899995326996,0,1.5,0,0,0,0,0,300,200,0,200,0,0,100,0,400,200,100,0,0,0,0,0,0,0,2.20300006866455,2.82299995422363,1.36000001430511,402.5,535.6669921875,398,414,318,9.45499992370605,7.87400007247925,1.2039999961853,3.08200001716614,69.7850036621094,6.01000022888184,3.88199996948242
C:\Summer 2023 - DSI-SRP\featureFR\Text Analysis\data\cohmetrix-input_ListA\A4_10.txt,1,1,10,1,0,10,0,1.60000002384186,0.699000000953674,4.90000009536743,2.23399996757507,-2.12299990653992,1.70000004768372,0.98199999332428,83.6500015258789,-0.574000000953674,28.4300003051758,0.247999995946884,59.4799995422363,-1.78199994564056,3.75,2.02099990844727,97.8300018310547,1.78199994564056,96.25,-27.2320003509521,0,0,0,0,0,0,0,0,0,0,0,0,0,0,0,0,0,0,0,0,0,1,1,0,0,0,100,0,0,0,0,0,100,0,100,200,0,0.5,0,0,0,-1.99899995326996,6,1,0,0,0,0,0,300,200,0,200,0,100,0,0,300,100,200,100,0,0,0,0,0,0,2.06699991226196,2.73399996757507,1.13999998569489,364,572.286010742188,356.5,385.428985595703,375.25,2.18199992179871,6.07800006866455,2,1.83899998664856,61.3250007629395,7.19000005722046,0.869000017642975
C:\Summer 2023 - DSI-SRP\featureFR\Text Analysis\data\cohmetrix-input_ListA\A4_11.txt,1,1,10,1,0,10,0,1.39999997615814,0.699000000953674,3.70000004768372,1.41799998283386,-3.27600002288818,0.0500000007450581,-0.897000014781952,18.6700000762939,2.32599997520447,98.9800033569336,0.532000005245209,70.1900024414063,-4.1560001373291,0,5.39699983596802,100,2.18199992179871,98.5400009155273,-28.0100002288818,0,0,0,0,0,0,0,0,0,0,0,0,0,0,0,0,0,0,0,0,0,1,1,0,0,0,0,0,0,0,0,0,0,0,0,0,0,0,0,0,0,-1.99899995326996,5,1.66700005531311,0,0,0,0,0,400,100,0,100,0,0,0,0,400,100,200,0,0,0,0,0,0,0,2.4449999332428,3.04699993133545,0,377.5,564,385.8330078125,413.3330078125,368,8.09099960327148,8.0930004119873,0.846000015735626,3.01999998092651,78.245002746582,4.82999992370605,9.25899982452393
C:\Summer 2023 - DSI-SRP\featureFR\Text Analysis\data\cohmetrix-input_ListA\A4_12.txt,1,1,9,1,0,9,0,1.44400000572205,0.52700001001358,5.22200012207031,1.98599994182587,-1.99600005149841,2.32999992370605,3.29699993133545,99.9499969482422,-1.60699999332428,5.48000001907349,1.19099998474121,88.3000030517578,-4.91599988937378,0,-2.95799994468689,0.159999996423721,0.870000004768372,80.7799987792969,-25.9659996032715,0,0,0,0,0,0,0,0,0,0,0,0,0,0,0,0,0,0,0,0,0,0.833000004291534,0.888999998569489,0,0,0,0,0,0,0,0,0,0,0,111.111000061035,111.111000061035,0,0,0,0,0,-1.99899995326996,1,1,0,0,0,0,0,333.3330078125,222.22200012207,0,111.111000061035,0,111.111000061035,111.111000061035,0,444.444000244141,222.22200012207,0,0,0,0,0,0,0,0,1.41199994087219,2.13899993896484,0.899999976158142,372,521.3330078125,561,550.6669921875,0,2.81800007820129,8.54199981689453,2.29999995231628,3.5239999294281,75.5380020141602,4.95900011062622,-13.6850004196167
C:\Summer 2023 - DSI-SRP\featureFR\Text Analysis\data\cohmetrix-input_ListA\A4_13.txt,1,1,10,1,0,10,0,1.70000004768372,0.949000000953674,4.59999990463257,2.50300002098084,-2.50399994850159,0.620000004768372,1.66799998283386,95.1500015258789,3.82500004768372,100,0.605000019073486,72.5699996948242,-0.985000014305115,16.3500003814697,1.91400003433228,97.1900024414063,-4.80399990081787,0,-27.8169994354248,0,0,0,0,0,0,0,0,0,0,0,0,0,0,0,0,0,0,0,0,0,1,1,0,0,100,0,100,0,0,0,100,100,0,100,100,0,0,0,0,0,-1.99899995326996,2,0.5,0,0,0,0,0,600,100,100,200,0,0,0,0,400,0,0,100,0,0,0,0,0,0,2.01799988746643,2.77999997138977,0.469999998807907,267,576,385.3330078125,421.3330078125,418.6669921875,3.09100008010864,7.03499984741211,3,2.83100008964539,52.8650016784668,8.36999988555908,-0.214000001549721
C:\Summer 2023 - DSI-SRP\featureFR\Text Analysis\data\cohmetrix-input_ListA\A4_14.txt,1,1,10,1,0,10,0,1.60000002384186,0.699000000953674,4.90000009536743,1.59500002861023,-3.19400000572205,0.0700000002980232,2.61800003051758,99.5500030517578,3.78200006484985,100,0.523999989032745,69.8499984741211,-0.361000001430511,35.939998626709,1.93700003623962,97.3199996948242,-5.27500009536743,0,-27.7870006561279,0,0,0,0,0,0,0,0,0,0,0,0,0,0,0,0,0,0,0,0,0,1,1,0,0,100,0,100,0,0,0,100,100,0,100,100,0,0,0,0.0719999969005585,0,-1.99899995326996,3,2,0,0,0,0,0,200,200,100,100,0,0,0,0,400,200,100,100,0,0,0,0,0,0,1.99899995326996,2.23799991607666,0.600000023841858,291.5,573.200012207031,370.799987792969,415.600006103516,389,6.90899991989136,7.40500020980835,0.967000007629395,2.95600008964539,61.3250007629395,7.19000005722046,-0.648999989032745
C:\Summer 2023 - DSI-SRP\featureFR\Text Analysis\data\cohmetrix-input_ListA\A4_15.txt,1,1,9,1,0,9,0,1.44400000572205,0.726000010967255,4.77799987792969,2.48900008201599,-3.57800006866455,0,0.856000006198883,80.2300033569336,2.48000001907349,99.3199996948242,0.216999992728233,58.3199996948242,-1.01999998092651,15.3900003433228,2.54399991035461,99.4499969482422,3.00200009346008,99.870002746582,-27.7089996337891,0,0,0,0,0,0,0,0,0,0,0,0,0,0,0,0,0,0,0,0,0,1,1,0,0,0,111.111000061035,0,0,0,0,0,111.111000061035,0,111.111000061035,222.22200012207,0,0.5,0,0.130999997258186,0,-1.99899995326996,4,0.666999995708466,0,0,0,0,0,444.444000244141,222.22200012207,0,222.22200012207,0,0,0,0,333.3330078125,111.111000061035,111.111000061035,0,0,0,0,0,0,0,1.77799999713898,2.83299994468689,0,389,535,400.6669921875,396,461,1.60000002384186,9.08300018310547,1,2.92499995231628,75.5380020141602,4.95900011062622,-5.56199979782104
C:\Summer 2023 - DSI-SRP\featureFR\Text Analysis\data\cohmetrix-input_ListA\A4_16.txt,1,1,11,1,0,11,0,1.817999958992,0.874000012874603,5.72700023651123,3.875,-3.59999990463257,0,1.09500002861023,86.2099990844727,2.64299988746643,99.5899963378906,0.00100000004749745,50,-0.684000015258789,24.8299999237061,1.88499999046326,96.9899978637695,2.32599997520447,98.9800033569336,-27.4300003051758,0,0,0,0,0,0,0,0,0,0,0,0,0,0,0,0,0,0,0,0,0,1,0.908999979496002,33.8800010681152,0,90.9089965820313,90.9089965820313,0,0,0,0,0,90.9089965820313,0,90.9089965820313,90.9089965820313,0,0,1,0,0,-1.99899995326996,0,1.33299994468689,0,0,0,0,0,545.455017089844,90.9089965820313,0,181.817993164063,0,0,0,0,363.635986328125,90.9089965820313,90.9089965820313,0,0,0,0,0,0,0,1.71300005912781,2.79200005531311,1.36000001430511,380,531,405,420,405.5,2.5,7.0310001373291,2.25,2.53099989891052,41.867000579834,10.1520004272461,-6.98600006103516
C:\Summer 2023 - DSI-SRP\featureFR\Text Analysis\data\cohmetrix-input_ListA\A4_17.txt,1,1,10,1,0,10,0,1.60000002384186,0.699000000953674,4.90000009536743,2.0789999961853,-4.75799989700317,0,0.994000017642975,83.8899993896484,5.81400012969971,100,0.136999994516373,55.1699981689453,-3.89100003242493,0,2.17600011825562,98.5,-5.23600006103516,0,-27.7880001068115,0,0,0,0,0,0,0,0,0,0,0,0,0,0,0,0,0,0,0,0,0,1,1,0,0,100,0,0,0,0,0,100,100,0,100,100,0,0,0,0,0,-1.99899995326996,4,3,0,0,0,0,0,200,100,0,100,0,0,0,0,500,100,100,0,0,0,0,0,0,0,1.57500004768372,2.49000000953674,0,322,554.75,472,431.75,418.5,3.81800007820129,5.54699993133545,1.89999997615814,2.69400000572205,61.3250007629395,7.19000005722046,-10.0579996109009
C:\Summer 2023 - DSI-SRP\featureFR\Text Analysis\data\cohmetrix-input_ListA\A4_18.txt,1,1,11,1,0,11,0,1.45500004291534,0.688000023365021,4.36399984359741,2.24799990653992,-0.837999999523163,20.3299999237061,1.92200005054474,97.2600021362305,4.47499990463257,100,1.12999999523163,86.8600006103516,2.58500003814697,99.5100021362305,3.31699991226196,99.9499969482422,-4.78399991989136,0,-27.0909996032715,0,0,0,0,0,0,0,0,0,0,0,0,0,0,0,0,0,0,0,0,0,1,1,0,0,181.817993164063,0,181.817993164063,0,0,0,90.9089965820313,181.817993164063,0,90.9089965820313,90.9089965820313,0,0,0,0.025000000372529,0.666999995708466,-1.99899995326996,2,1,0,0,0,0,0,272.726989746094,272.726989746094,181.817993164063,0,0,0,90.9089965820313,0,181.817993164063,181.817993164063,0,181.817993164063,90.9089965820313,0,0,0,0,0,2.24499988555908,3.03299999237061,1.70000004768372,266.5,570.5,424,454.5,406,5.33300018310547,7.32499980926514,1.36699998378754,1.56299996376038,72.5770034790039,5.86899995803833,4.81799983978271
C:\Summer 2023 - DSI-SRP\featureFR\Text Analysis\data\cohmetrix-input_ListA\A4_19.txt,1,1,10,1,0,10,0,1.5,0.972000002861023,4.59999990463257,3.02600002288818,-2.74600005149841,0.310000002384186,1.84099996089935,96.7099990844727,2.71399998664856,99.6600036621094,0.569999992847443,71.5699996948242,6.76000022888184,100,4.97499990463257,100,2.54900002479553,99.4499969482422,-26.8010005950928,0,0,0,0,0,0,0,0,0,0,0,0,0,0,0,0,0,0,0,0,0,1,0.899999976158142,28,0,200,100,200,0,0,100,0,200,0,100,100,0,0,1,0.0689999982714653,1,-1.99899995326996,4,1.5,0,0,0,0,0,200,200,0,100,0,0,0,0,300,200,100,0,0,0,0,0,0,0,2.55800008773804,3.39100003242493,0,381.5,558,395.6669921875,421,365,5,4.88299989700317,1.32299995422363,1.44099998474121,69.7850036621094,6.01000022888184,11.7569999694824
C:\Summer 2023 - DSI-SRP\featureFR\Text Analysis\data\cohmetrix-input_ListA\A4_2.txt,1,1,12,1,0,12,0,1.41700005531311,0.669000029563904,4.83300018310547,2.36800003051758,-3.22699999809265,0.0599999986588955,0.20100000500679,57.9300003051758,2.31699991226196,98.9599990844727,0.00400000018998981,50,2.18199992179871,98.5400009155273,7.61899995803833,100,-2.96799993515015,0.150000005960464,-27.011999130249,0,0,0,0,0,0,0,0,0,0,0,0,0,0,0,0,0,0,0,0,0,1,1,0,0,250,83.3330001831055,0,0,83.3330001831055,0,83.3330001831055,250,0,83.3330001831055,166.667007446289,0,0.5,1,-0.046000000089407,1,-1.99899995326996,0,1.33299994468689,0,0,0,0,0,333.3330078125,166.667007446289,0,83.3330001831055,0,0,0,0,250,83.3330001831055,250,0,83.3330001831055,0,0,83.3330001831055,0,0,2.59599995613098,3.28099989891052,0,447,566.200012207031,322.200012207031,301.399993896484,348.25,6.71400022506714,8.11900043487549,1.34899997711182,1.932000041008,74.7770004272461,5.81099987030029,12.6120004653931
C:\Summer 2023 - DSI-SRP\featureFR\Text Analysis\data\cohmetrix-input_ListA\A4_20.txt,1,1,10,1,0,10,0,1.10000002384186,0.316000014543533,3.90000009536743,1.28699994087219,-1.04799997806549,14.9200000762939,1.58299994468689,94.2900009155273,6.41499996185303,100,0.949000000953674,82.6399993896484,3.21799993515015,99.9300003051758,2.37100005149841,99.1100006103516,-3.90100002288818,0,-27.6730003356934,0,0,0,0,0,0,0,0,0,0,0,0,0,0,0,0,0,0,0,0,0,1,0.899999976158142,28,0,200,100,100,0,0,100,100,200,0,0,0,100,0,0.5,0,0,-1.99899995326996,0,0.75,0,0,0,0,0,500,100,0,100,0,0,0,0,400,100,0,0,100,0,0,0,0,100,2.46799993515015,3.36800003051758,1.78999996185303,340,582,437.25,478.75,476.3330078125,3.15400004386902,7.18200016021729,4.28599977493286,2.53999996185303,100,1.28999996185303,9.77000045776367
C:\Summer 2023 - DSI-SRP\featureFR\Text Analysis\data\cohmetrix-input_ListA\A4_3.txt,1,1,9,1,0,9,0,1.77799999713898,1.30200004577637,4.88899993896484,2.97699999809265,-4.00299978256226,0,0.544000029563904,70.5400009155273,3.40100002288818,99.9700012207031,-0.0750000029802322,47.2099990844727,-4.26599979400635,0,4.1560001373291,100,1.75499999523163,95.9899978637695,-28.1399993896484,0,0,0,0,0,0,0,0,0,0,0,0,0,0,0,0,0,0,0,0,0,1,1,0,0,0,0,0,0,0,0,0,0,0,111.111000061035,111.111000061035,0,0,0,0,0,-1.99899995326996,0,2,0,0,0,0,0,222.22200012207,111.111000061035,111.111000061035,111.111000061035,0,0,0,0,222.22200012207,111.111000061035,333.3330078125,0,0,0,0,0,0,0,1.96200001239777,2.63299989700317,1.5,291.5,551.599975585938,366,445.600006103516,475.6669921875,5,6.125,2.83299994468689,1.37100005149841,47.2809982299805,8.89999961853027,-1.47200000286102
C:\Summer 2023 - DSI-SRP\featureFR\Text Analysis\data\cohmetrix-input_ListA\A4_4.txt,1,1,10,1,0,10,0,1.89999997615814,1.10099995136261,5.90000009536743,3.38100004196167,-4.04300022125244,0,1.89400005340576,97.0599975585938,5.3730001449585,100,-0.0299999993294477,48.7999992370605,0.393999993801117,65.1699981689453,1.3289999961853,90.6600036621094,1.40900003910065,91.9199981689453,-27.7110004425049,0,0,0,0,0,0,0,0,0,0,0,0,0,0,0,0,0,0,0,0,0,1,1,0,0,100,100,0,0,0,0,0,100,0,100,100,0,0,1,-0.0020000000949949,0,-1.99899995326996,0,1.33299994468689,0,0,0,0,0,300,200,0,100,0,0,100,0,400,200,200,0,0,0,0,0,0,0,1.60300004482269,2.08100008964539,0.769999980926514,302.6669921875,564.570983886719,464.799987792969,451.713989257813,481.5,4,8.07900047302246,1,3.11999988555908,35.9449996948242,10.7299995422363,-9.44699954986572
C:\Summer 2023 - DSI-SRP\featureFR\Text Analysis\data\cohmetrix-input_ListA\A4_5.txt,1,1,10,1,0,10,0,1.20000004768372,0.421999990940094,4.59999990463257,1.95500004291534,-2.98900008201599,0.140000000596046,3.20700001716614,99.9300003051758,7.86800003051758,100,0.889999985694885,81.3300018310547,3.97499990463257,100,1.98000001907349,97.6100006103516,-5.2979998588562,0,-27.6959991455078,0,0,0,0,0,0,0,0,0,0,0,0,0,0,0,0,0,0,0,0,0,1,1,0,0,200,100,100,0,0,100,100,200,0,100,100,0,0,1,0,0,-1.99899995326996,0,0.5,0,0,0,0,0,600,100,0,200,0,0,0,0,500,100,0,0,0,0,0,0,0,0,1.89499998092651,2.89499998092651,1.37999999523163,369,518.3330078125,522.6669921875,543.3330078125,433,7.45499992370605,7.10599994659424,1.79999995231628,3.39400005340576,95.1650009155273,2.47000002861023,-2.95300006866455
C:\Summer 2023 - DSI-SRP\featureFR\Text Analysis\data\cohmetrix-input_ListA\A4_6.txt,1,1,10,1,0,10,0,1.20000004768372,0.632000029087067,3.70000004768372,1.70299994945526,-3.20700001716614,0.0700000002980232,0.0560000017285347,51.9900016784668,3.63800001144409,100,0.796999990940094,78.5199966430664,-3.55599999427795,0,5.30600023269653,100,1.88699996471405,96.9899978637695,-28.3840007781982,0,0,0,0,0,0,0,0,0,0,0,0,0,0,0,0,0,0,0,0,0,0.85699999332428,0.899999976158142,28,0,0,0,0,0,0,0,0,0,0,0,0,0,0,0,0,0,-1.99899995326996,5,1.66700005531311,0,0,0,0,0,400,100,0,100,0,0,0,0,500,100,100,0,0,0,0,0,0,0,2.39000010490417,2.81699991226196,1.4099999666214,377.5,555.5,414.75,447.5,381.5,9.63599967956543,7.89799976348877,0.846000015735626,3.66700005531311,95.1650009155273,2.47000002861023,8.03800010681152
C:\Summer 2023 - DSI-SRP\featureFR\Text Analysis\data\cohmetrix-input_ListA\A4_7.txt,1,1,10,1,0,10,0,1.10000002384186,0.316000014543533,3.59999990463257,1.71300005912781,-2.8970000743866,0.189999997615814,4.15999984741211,100,2.55299997329712,99.4599990844727,0.732999980449677,76.7300033569336,7.51900005340576,100,3.05399990081787,99.8899993896484,2.06500005722046,98.0299987792969,-27.6319999694824,0,0,0,0,0,0,0,0,0,0,0,0,0,0,0,0,0,0,0,0,0,1,1,0,0,200,200,100,0,0,0,0,200,0,100,200,100,0.5,0.5,0.0860000029206276,0,-1.99899995326996,1,1,0,0,0,0,0,400,200,0,200,100,0,0,0,200,100,100,0,0,0,0,0,0,0,2.21499991416931,3.31399989128113,1.62000000476837,408,538.6669921875,363.6669921875,399.3330078125,432,6.36399984359741,7.4980001449585,0.672999978065491,1.48599994182587,100,1.28999996185303,4.15199995040894
C:\Summer 2023 - DSI-SRP\featureFR\Text Analysis\data\cohmetrix-input_ListA\A4_8.txt,1,1,9,1,0,9,0,1.44400000572205,0.726000010967255,4.11100006103516,2.4210000038147,-1.35399997234344,8.85000038146973,-0.38400000333786,35.2000007629395,2.93400001525879,99.8300018310547,1.22200000286102,88.879997253418,-3.8659999370575,0,2.80999994277954,99.75,2.21600008010864,98.6399993896484,-27.7560005187988,0,0,0,0,0,0,0,0,0,0,0,0,0,0,0,0,0,0,0,0,0,1,1,0,0,0,0,0,0,0,0,0,0,0,0,0,0,0,0,-0.100000001490116,0,-1.99899995326996,5,1.33299994468689,0,0,0,0,0,444.444000244141,111.111000061035,0,111.111000061035,0,0,0,0,333.3330078125,222.22200012207,0,0,0,0,0,0,0,0,2.09800004959106,2.84400010108948,0.300000011920929,0,590.5,361,412.5,325,6.30000019073486,7.37400007247925,1.3400000333786,2.48000001907349,75.5380020141602,4.95900011062622,1.55400002002716
C:\Summer 2023 - DSI-SRP\featureFR\Text Analysis\data\cohmetrix-input_ListA\A4_9.txt,1,1,10,1,0,10,0,1.89999997615814,0.737999975681305,6.09999990463257,2.84599995613098,-3.57399988174438,0,1.92299997806549,97.2600021362305,6.26000022888184,100,0.426999986171722,66.2799987792969,-0.0179999992251396,49.5999984741211,5.08199977874756,100,-5.02899980545044,0,-27.9659996032715,0,0,0,0,0,0,0,0,0,0,0,0,0,0,0,0,0,0,0,0,0,1,1,0,0,100,0,100,0,0,0,100,100,0,100,100,0,0,0,-0.0810000002384186,1,-1.99899995326996,6,1.33299994468689,0,0,0,0,0,400,100,100,100,0,0,0,0,500,100,100,100,0,0,0,0,0,0,2.18300008773804,2.41199994087219,1.37999999523163,275,579.3330078125,415.5,462,453,7.36399984359741,6.91900014877319,2.5,3.59899997711182,35.9449996948242,10.7299995422363,3.44899988174438
C:\Summer 2023 - DSI-SRP\featureFR\Text Analysis\data\cohmetrix-input_ListA\A5_1.txt,1,1,10,1,0,10,0,1.5,0.707000017166138,4.80000019073486,1.87399995326996,-4.75299978256226,0,1.875,96.9300003051758,8.3730001449585,100,-0.0839999988675117,46.810001373291,7.26100015640259,100,5.1729998588562,100,-4.97700023651123,0,-26.7339992523193,0,0,0,0,0,0,0,0,0,0,0,0,0,0,0,0,0,0,0,0,0,1,1,0,0,300,200,100,0,0,100,100,300,0,100,100,0,0,2,-0.0729999989271164,1,-1.99899995326996,0,5,0,0,0,0,0,100,200,0,200,0,0,100,0,300,200,100,0,0,0,0,0,0,0,2.11299991607666,2.94199991226196,0.769999980926514,364.25,572,436.25,488.5,503,3.90899991989136,7.32499980926514,2.5,2.45199990272522,69.7850036621094,6.01000022888184,1.89499998092651
C:\Summer 2023 - DSI-SRP\featureFR\Text Analysis\data\cohmetrix-input_ListA\A5_10.txt,1,1,11,1,0,11,0,1.817999958992,1.25,5.45499992370605,2.58299994468689,-3.60500001907349,0,2.65400004386902,99.5999984741211,6.28299999237061,100,0.186000004410744,57.1399993896484,2.46499991416931,99.3099975585938,0.303000003099442,61.7900009155273,-3.78999996185303,0,-27.7509994506836,0,0,0,0,0,0,0,0,0,0,0,0,0,0,0,0,0,0,0,0,0,1,0.908999979496002,33.8800010681152,0,181.817993164063,90.9089965820313,90.9089965820313,0,0,90.9089965820313,90.9089965820313,181.817993164063,0,90.9089965820313,90.9089965820313,90.9089965820313,0,0.5,0,0,-1.99899995326996,0,1.66700005531311,0,0,0,0,0,363.635986328125,90.9089965820313,0,181.817993164063,0,0,0,0,363.635986328125,90.9089965820313,90.9089965820313,0,0,0,0,0,0,0,1.69400000572205,2.88199996948242,0,365,525.25,438,483.75,487,3.25,8.27200031280518,3.14299988746643,3.01900005340576,41.867000579834,10.1520004272461,-7.41599988937378
C:\Summer 2023 - DSI-SRP\featureFR\Text Analysis\data\cohmetrix-input_ListA\A5_11.txt,1,1,7,1,0,7,0,1.57099997997284,0.787000000476837,5.42899990081787,2.69899988174438,-2.65799999237061,0.400000005960464,2.52099990844727,99.4100036621094,4.3730001449585,100,0.795000016689301,78.5199966430664,2.53200006484985,99.4300003051758,5.53299999237061,100,1.90600001811981,97.129997253418,-27.3889999389648,0,0,0,0,0,0,0,0,0,0,0,0,0,0,0,0,0,0,0,0,0,1,1,0,0,142.856994628906,142.856994628906,0,0,0,0,0,142.856994628906,0,142.856994628906,142.856994628906,0,0,1,0.0689999982714653,1,-1.99899995326996,0,1,0,0,0,0,0,285.713989257813,285.713989257813,0,142.856994628906,0,0,142.856994628906,0,285.713989257813,285.713989257813,0,0,0,0,0,0,0,0,2.28800010681152,2.90700006484985,1.8400000333786,350,553.5,425.5,445.5,413,6.625,7.80100011825562,1.20000004768372,2.25,66.822998046875,5.67799997329712,5.76200008392334
C:\Summer 2023 - DSI-SRP\featureFR\Text Analysis\data\cohmetrix-input_ListA\A5_12.txt,1,1,11,1,0,11,0,1.72699999809265,0.647000014781952,5.81799983978271,2.03999996185303,-2.7260000705719,0.330000013113022,0.246999993920326,59.4799995422363,2.91700005531311,99.8199996948242,0.624000012874603,73.2399978637695,-3.89199995994568,0,3.02800011634827,99.870002746582,-4.05600023269653,0,-27.3330001831055,0,0,0,0,0,0,0,0,0,0,0,0,0,0,0,0,0,0,0,0,0,1,1,0,0,90.9089965820313,0,0,0,0,0,90.9089965820313,90.9089965820313,0,0,0,0,0,0,0.187999993562698,0,-1.99899995326996,2,0.5,0,0,0,0,0,363.635986328125,454.545013427734,0,0,0,0,0,0,363.635986328125,272.726989746094,90.9089965820313,0,0,0,0,0,0,0,2.18499994277954,2.67000007629395,0,303,557.400024414063,422,411.200012207031,369,4.06699991226196,6.35099983215332,0.837000012397766,1.91700005531311,49.5660018920898,9.07900047302246,3.48600006103516
C:\Summer 2023 - DSI-SRP\featureFR\Text Analysis\data\cohmetrix-input_ListA\A5_13.txt,1,1,10,1,0,10,0,1.29999995231628,0.483000010251999,4.80000019073486,1.61899995803833,-2.70799994468689,0.349999994039536,1.01300001144409,84.379997253418,-1.49100005626678,6.80999994277954,0.458000004291534,67.3600006103516,-4.25500011444092,0,2.97099995613098,99.8499984741211,1.33299994468689,90.8199996948242,-27.306999206543,0,0,0,0,0,0,0,0,0,0,0,0,0,0,0,0,0,0,0,0,0,1,1,0,0,0,0,0,0,0,100,0,0,0,100,100,0,0,0,0.0820000022649765,0,-1.99899995326996,2,1,0,0,0,0,0,200,300,200,100,100,0,0,0,200,100,100,200,0,0,0,0,0,0,1.94500005245209,2.91599988937378,0,375,562.3330078125,273,345,339,3.54500007629395,7,1.83800005912781,1.77400004863739,86.7050018310547,3.65000009536743,-1.84200000762939
C:\Summer 2023 - DSI-SRP\featureFR\Text Analysis\data\cohmetrix-input_ListA\A5_14.txt,1,1,9,1,0,9,0,1.77799999713898,0.666999995708466,4.66699981689453,2.59800004959106,-3.13199996948242,0.0900000035762787,1.44799995422363,92.5100021362305,6.25099992752075,100,0.658999979496002,74.2200012207031,-2.85700011253357,0.219999998807907,-0.629999995231628,26.4300003051758,0.778999984264374,77.9400024414063,-27.1809997558594,0,0,0,0,0,0,0,0,0,0,0,0,0,0,0,0,0,0,0,0,0,1,1,0,0,111.111000061035,0,0,0,0,0,0,0,0,111.111000061035,111.111000061035,0,0,0,0.103000000119209,0,-1.99899995326996,0,2,0,0,0,0,0,222.22200012207,444.444000244141,0,111.111000061035,0,0,111.111000061035,111.111000061035,222.22200012207,333.3330078125,0,0,0,0,0,0,0,0,1.44000005722046,2.37599992752075,0.899999976158142,264,467,559,538,435,2.79999995231628,6.125,1.27799999713898,1.60800004005432,47.2809982299805,8.89999961853027,-13.0559997558594
C:\Summer 2023 - DSI-SRP\featureFR\Text Analysis\data\cohmetrix-input_ListA\A5_15.txt,1,1,13,1,0,13,0,1.61500000953674,1.192999958992,4.61499977111816,2.3989999294281,-2.56599998474121,0.519999980926514,0.0160000007599592,50.4000015258789,5.58699989318848,100,0.690999984741211,75.4899978637695,-3.70600008964539,0,4.30499982833862,100,-3.05699992179871,0.109999999403954,-27.863000869751,0,0,0,0,0,0,0,0,0,0,0,0,0,0,0,0,0,0,0,0,0,1,1,0,0,76.9229965209961,0,0,0,0,76.9229965209961,76.9229965209961,76.9229965209961,0,76.9229965209961,76.9229965209961,0,0,0,0.00999999977648258,0.333000004291534,-1.99899995326996,0,1,0,0,0,0,0,384.614990234375,384.614990234375,0,0,0,0,0,76.9229965209961,307.691986083984,230.768997192383,76.9229965209961,0,0,0,0,0,0,0,2.43799996376038,3.16799998283386,0,366,569.400024414063,446.799987792969,474.399993896484,473.25,3.46700000762939,6.66300010681152,1.91700005531311,2.16000008583069,57.0110015869141,8.53699970245361,9.11100006103516
C:\Summer 2023 - DSI-SRP\featureFR\Text Analysis\data\cohmetrix-input_ListA\A5_16.txt,1,1,8,1,0,8,0,1.625,0.744000017642975,6,3.11700010299683,-2.54500007629395,0.550000011920929,6.73799991607666,100,-2.6470000743866,0.409999996423721,0.601000010967255,72.5699996948242,18.1770000457764,100,-0.847000002861023,20.0499992370605,3.35800004005432,99.9599990844727,-24.3700008392334,0,0,0,0,0,0,0,0,0,0,0,0,0,0,0,0,0,0,0,0,0,1,0.875,0,0,375,375,250,0,0,250,0,375,0,125,125,0,0,3,0.0529999993741512,1,-1.99899995326996,0,0,0,0,0,0,0,500,250,0,375,0,0,125,0,375,250,0,0,0,0,0,0,0,0,1.71800005435944,2.61100006103516,0,433,529,343,408,0,5.77799987792969,8.95800018310547,1.25699996948242,3.26500010490417,61.2400016784668,6.70499992370605,-6.89400005340576
C:\Summer 2023 - DSI-SRP\featureFR\Text Analysis\data\cohmetrix-input_ListA\A5_17.txt,1,1,10,1,0,10,0,1.29999995231628,0.483000010251999,4.19999980926514,2.29999995231628,-2.93799996376038,0.170000001788139,0.331999987363815,62.9300003051758,6.58400011062622,100,0.75,77.3399963378906,-4.00899982452393,0,2.67799997329712,99.620002746582,2.06500005722046,98.0299987792969,-27.3269996643066,0,0,0,0,0,0,0,0,0,0,0,0,0,0,0,0,0,0,0,0,0,1,1,0,0,0,0,0,0,0,0,0,0,0,100,100,0,0,0,0.00300000002607703,1,-1.99899995326996,0,1,0,0,0,0,0,400,300,0,100,0,0,0,100,300,200,0,0,100,0,0,0,0,0,1.08200001716614,2.62599992752075,0.689999997615814,372,523,552.3330078125,535.3330078125,451,2.09100008010864,9.08300018310547,1.5,2.75,86.7050018310547,3.65000009536743,-21.0049991607666
C:\Summer 2023 - DSI-SRP\featureFR\Text Analysis\data\cohmetrix-input_ListA\A5_18.txt,1,1,6,1,0,6,0,1.83299994468689,0.407999992370605,5.83300018310547,1.83500003814697,-1.3289999961853,9.34000015258789,4.90700006484985,100,2.26099991798401,98.8099975585938,0.708999991416931,75.8000030517578,1.86899995803833,96.8600006103516,-2.98000001907349,0.140000000596046,-9.2180004119873,0,-27.1049995422363,0,0,0,0,0,0,0,0,0,0,0,0,0,0,0,0,0,0,0,0,0,1,1,0,0,166.667007446289,0,166.667007446289,0,0,0,166.667007446289,166.667007446289,0,166.667007446289,166.667007446289,0,0,0,0.0240000002086163,0,-1.99899995326996,2,0,0,0,0,0,0,333.3330078125,333.3330078125,166.667007446289,166.667007446289,0,0,166.667007446289,0,333.3330078125,333.334014892578,0,166.667007446289,0,0,0,0,0,0,1.47399997711182,1.77699995040894,0.300000011920929,0,577,243.5,320.5,379,2.14299988746643,6.25,3.23300004005432,2.71000003814697,45.6730003356934,8.37899971008301,-12.3009996414185
C:\Summer 2023 - DSI-SRP\featureFR\Text Analysis\data\cohmetrix-input_ListA\A5_19.txt,1,1,10,1,0,10,0,2.40000009536743,1.26499998569489,5.09999990463257,2.99799990653992,-3.23399996757507,0.0599999986588955,3.10700011253357,99.9000015258789,0.915000021457672,81.8600006103516,0.363000005483627,64.0599975585938,-2.91499996185303,0.180000007152557,-0.528999984264374,30.1499996185303,-9.64299964904785,0,-25.8729991912842,0,0,0,0,0,0,0,0,0,0,0,0,0,0,0,0,0,0,0,0,0,1,1,0,0,100,0,100,100,0,0,100,0,100,100,100,100,0,0,0,0,-1.99899995326996,0,2,0,0,0,0,0,200,100,0,100,0,0,0,0,200,100,300,0,0,0,0,0,0,0,1.85000002384186,2.92600011825562,0,0,558.5,523.5,572,0,2.18199992179871,8.625,2.83299994468689,1.82599997520447,0,16.6299991607666,-3.95199990272522
C:\Summer 2023 - DSI-SRP\featureFR\Text Analysis\data\cohmetrix-input_ListA\A5_2.txt,1,1,9,1,0,9,0,1.22200000286102,0.441000014543533,4.66699981689453,2.06200003623962,-3.44400000572205,0.0299999993294477,-0.753000020980835,22.6599998474121,2.48099994659424,99.3399963378906,0.218999996781349,58.3199996948242,-4.53399991989136,0,4.96099996566772,100,2.02099990844727,97.8300018310547,-27.923999786377,0,0,0,0,0,0,0,0,0,0,0,0,0,0,0,0,0,0,0,0,0,1,1,0,0,0,0,0,0,0,0,0,0,0,0,0,0,0,0,0,0,-1.99899995326996,1,1.33299994468689,0,0,0,0,0,444.444000244141,111.111000061035,0,111.111000061035,0,0,0,0,333.3330078125,0,222.22200012207,0,0,0,0,0,0,0,2.3050000667572,2.67899990081787,1.20000004768372,377.5,560.400024414063,394,408.799987792969,413,5.30000019073486,7.08300018310547,0.846000015735626,2.21000003814697,94.3190002441406,2.33999991416931,6.15100002288818
C:\Summer 2023 - DSI-SRP\featureFR\Text Analysis\data\cohmetrix-input_ListA\A5_20.txt,1,1,8,1,0,8,0,1.5,0.755999982357025,4.25,1.75300002098084,-2.31299996376038,1.03999996185303,2.44799995422363,99.2699966430664,1.97300004959106,97.5599975585938,1.19200003147125,88.3000030517578,-4.3600001335144,0,1.39699995517731,91.7699966430664,-6.78900003433228,0,-25.3780002593994,0,0,0,0,0,0,0,0,0,0,0,0,0,0,0,0,0,0,0,0,0,1,1,0,0,125,0,0,0,0,0,125,125,0,125,125,0,0,0,0.119999997317791,1,-1.99899995326996,0,0.333000004291534,0,0,0,0,0,500,375,0,125,0,0,0,0,250,250,0,0,125,0,0,0,0,0,1.47300004959106,2.70300006866455,0.689999997615814,316.5,519,591,602.5,0,3.33299994468689,8.3439998626709,1.66700005531311,2.22499990463257,71.8150024414063,5.23000001907349,-12.3339996337891
C:\Summer 2023 - DSI-SRP\featureFR\Text Analysis\data\cohmetrix-input_ListA\A5_3.txt,1,1,8,1,0,8,0,1.25,0.462999999523163,5,2.39000010490417,-2.92000007629395,0.180000007152557,4.05999994277954,100,2.18600010871887,98.5400009155273,0.48199999332428,68.4400024414063,4.67000007629395,100,1.27900004386902,89.8000030517578,2.81699991226196,99.75,-27.867000579834,0,0,0,0,0,0,0,0,0,0,0,0,0,0,0,0,0,0,0,0,0,1,1,0,0,125,125,125,0,0,0,0,125,0,125,250,125,0.5,0,0.209000006318092,0,-1.99899995326996,4,0.666999995708466,0,0,0,0,0,500,250,0,125,0,0,0,0,375,125,125,0,0,0,0,0,0,0,2.21399998664856,2.68600010871887,1.4099999666214,382.5,550.400024414063,396,397.399993896484,429,2.66700005531311,7.75,0.25,2.63899993896484,92.9649963378906,2.27999997138977,4.13000011444092
C:\Summer 2023 - DSI-SRP\featureFR\Text Analysis\data\cohmetrix-input_ListA\A5_4.txt,1,1,9,1,0,9,0,1.44400000572205,0.882000029087067,4.66699981689453,2.91499996185303,-3.50200009346008,0,3.70199990272522,100,3.62199997901917,100,0.851000010967255,80.2300033569336,4.19500017166138,100,2.82299995422363,99.7600021362305,2.26500010490417,98.8099975585938,-27.9890003204346,0,0,0,0,0,0,0,0,0,0,0,0,0,0,0,0,0,0,0,0,0,1,1,0,0,111.111000061035,111.111000061035,111.111000061035,0,0,111.111000061035,0,111.111000061035,0,111.111000061035,111.111000061035,111.111000061035,0,0.5,0.216999992728233,0.333000004291534,-1.99899995326996,6,0.333000004291534,0,0,0,0,0,444.444000244141,333.3330078125,0,222.22200012207,111.111000061035,0,0,0,333.3330078125,111.111000061035,0,0,0,0,0,0,0,0,1.93299996852875,3.30900001525879,0,372,534,457.5,416.3330078125,466,3.63599991798401,7.79400014877319,1.05999994277954,2.41499996185303,75.5380020141602,4.95900011062622,-2.1010000705719
C:\Summer 2023 - DSI-SRP\featureFR\Text Analysis\data\cohmetrix-input_ListA\A5_5.txt,1,1,10,1,0,10,0,1.5,0.707000017166138,4.59999990463257,2.22099995613098,-2.56100010871887,0.519999980926514,0.307000011205673,61.7900009155273,1.88499999046326,96.9899978637695,0.545000016689301,70.5400009155273,3.0699999332428,99.8899993896484,4.8600001335144,100,3.00200009346008,99.870002746582,-26.9409999847412,0,0,0,0,0,0,0,0,0,0,0,0,0,0,0,0,0,0,0,0,0,1,1,0,0,100,100,100,0,0,0,0,100,0,0,100,0,1,0,0.119999997317791,0.666999995708466,-1.99899995326996,1,0.666999995708466,0,0,0,0,0,300,300,0,100,0,0,0,0,300,200,100,0,0,0,0,0,0,0,2.33800005912781,2.87800002098084,0,365.5,555.75,341.75,380.75,418,4.81799983978271,6.19399976730347,1.6710000038147,2.14499998092651,69.7850036621094,6.01000022888184,6.88299989700317
C:\Summer 2023 - DSI-SRP\featureFR\Text Analysis\data\cohmetrix-input_ListA\A5_6.txt,1,1,10,1,0,10,0,1.39999997615814,0.699000000953674,4.19999980926514,2.39400005340576,-3.45700001716614,0.0299999993294477,-1.27199995517731,10.1999998092651,2.76300001144409,99.7099990844727,0.316000014543533,62.1699981689453,-4.46600008010864,0,4.40700006484985,100,2.34599995613098,99.0400009155273,-27.8980007171631,0,0,0,0,0,0,0,0,0,0,0,0,0,0,0,0,0,0,0,0,0,1,1,0,0,0,0,0,0,0,0,0,0,0,0,0,0,0,0,0,0,-1.99899995326996,7,1.66700005531311,0,0,0,0,0,400,100,0,100,0,0,0,0,400,100,200,0,0,0,0,0,0,0,2.10999989509583,2.91799998283386,0,348,568.400024414063,384,417.200012207031,409,4.90899991989136,7.81300020217896,0.846000015735626,2.91799998283386,78.245002746582,4.82999992370605,1.82099997997284
C:\Summer 2023 - DSI-SRP\featureFR\Text Analysis\data\cohmetrix-input_ListA\A5_7.txt,1,1,11,1,0,11,0,1.27300000190735,0.467000007629395,3.90899991989136,2.50799989700317,-2.46399998664856,0.689999997615814,-0.469999998807907,31.9200000762939,0.0780000016093254,52.7900009155273,0.504000008106232,69.1500015258789,-1.2940000295639,9.85000038146973,4.24900007247925,100,2.26500010490417,98.8099975585938,-27.068000793457,0,0,0,0,0,0,0,0,0,0,0,0,0,0,0,0,0,0,0,0,0,1,1,0,0,90.9089965820313,90.9089965820313,0,0,0,0,0,90.9089965820313,0,0,0,0,0,1,0.159999996423721,0,-1.99899995326996,1,0.5,0,0,0,0,0,454.545013427734,181.817993164063,0,272.726989746094,0,0,0,0,272.726989746094,0,90.9089965820313,0,90.9089965820313,0,0,0,0,0,1.74000000953674,2.94600009918213,0.469999998807907,339,599.5,356,341,325,3.08299994468689,8.22599983215332,1.67299997806549,2.33500003814697,87.9739990234375,3.72099995613098,-6.39400005340576
C:\Summer 2023 - DSI-SRP\featureFR\Text Analysis\data\cohmetrix-input_ListA\A5_8.txt,1,1,12,1,0,12,0,1.66700005531311,0.888000011444092,5,3.01500010490417,-2.5460000038147,0.550000011920929,0.742999970912933,77.0400009155273,2.39499998092651,99.1600036621094,0.303000003099442,61.7900009155273,-0.236000001430511,40.9000015258789,3.08500003814697,99.9000015258789,-12.9160003662109,0,-26.7959995269775,0,0,0,0,0,0,0,0,0,0,0,0,0,0,0,0,0,0,0,0,0,1,1,0,0,166.667007446289,0,166.667007446289,83.3330001831055,0,0,166.667007446289,83.3330001831055,83.3330001831055,0,0,0,0,0,0.159999996423721,0,-1.99899995326996,1,0.5,0,0,0,0,0,416.6669921875,166.667007446289,83.3330001831055,166.667007446289,0,0,0,0,250,0,166.667007446289,83.3330001831055,83.3330001831055,0,0,0,0,0,2.24799990653992,2.96600008010864,0,253,551,344,366.25,375,2.71399998664856,5.83300018310547,1.67299997806549,1.4889999628067,53.6269989013672,8.76099967956543,4.89200019836426
C:\Summer 2023 - DSI-SRP\featureFR\Text Analysis\data\cohmetrix-input_ListA\A5_9.txt,1,1,10,1,0,10,0,1.5,0.707000017166138,4.69999980926514,2.35899996757507,-3.04500007629395,0.119999997317791,2.0090000629425,97.7200012207031,4.90700006484985,100,0.649999976158142,74.2200012207031,3.16000008583069,99.9199981689453,4.77099990844727,100,-4.67399978637695,0,-26.681999206543,0,0,0,0,0,0,0,0,0,0,0,0,0,0,0,0,0,0,0,0,0,1,0.899999976158142,28,0,200,100,100,0,0,100,100,200,0,100,100,0,0,1,0.232999995350838,1,-1.99899995326996,0,0.666999995708466,0,0,0,0,0,500,100,0,200,0,0,0,0,300,200,0,0,0,0,0,0,0,0,1.60000002384186,3.19400000572205,0,333,565.6669921875,462.6669921875,468,376,3.45499992370605,8.23600006103516,2.33299994468689,2.67000007629395,69.7850036621094,6.01000022888184,-9.50300025939941
